Date,Rapeseed,Corn,Soybeans,What,Castorseed
10/30/2023,398.75,478.25,1307.25,566.00,5920.00
10/27/2023,403.25,480.75,1319.50,575.50,5980.00
10/26/2023,406.50,479.25,1279.50,579.50,6008.00
10/25/2023,411.50,480.0,1288.25,568.50,6055.00
10/23/2023,391.25,490.25,1286.75,587.25,6029.00
10/20/2023,394.00,495.5,1302.25,586.00,6029.00
10/19/2023,407.25,505.0,1315.50,594.00,5938.00
10/18/2023,419.00,492.0,1311.00,580.25,6012.00
10/17/2023,420.00,489.0,1296.75,570.50,6017.00
10/16/2023,424.25,490.0,1286.25,577.25,6021.00
10/13/2023,425.50,493.25,1280.25,579.75,5975.00
10/12/2023,415.00,496.0,1290.00,571.50,5985.00
10/11/2023,411.50,488.0,1252.50,556.00,6015.00
10/10/2023,419.75,485.5,1271.50,558.50,6070.00
10/09/2023,426.25,488.25,1264.25,572.75,6065.00
10/06/2023,426.25,492.0,1266.00,568.25,6112.00
10/05/2023,424.50,497.5,1280.75,578.25,6119.00
10/04/2023,439.00,486.0,1273.00,560.00,6135.00
10/03/2023,447.25,487.5,1272.75,568.50,6101.00
09/29/2023,442.50,476.75,1275.00,541.50,6148.00
09/28/2023,445.00,488.5,1300.50,578.75,6215.00
09/27/2023,452.25,483.25,1303.25,579.50,6164.00
09/26/2023,440.75,479.75,1302.75,589.00,6155.00
09/25/2023,440.75,481.25,1297.75,589.00,6176.00
09/22/2023,441.25,477.25,1296.25,579.50,6222.00
09/21/2023,439.50,475.25,1293.75,575.75,6126.00
09/20/2023,449.00,482.25,1320.00,588.75,6123.00
09/18/2023,433.25,471.5,1316.75,591.25,6055.00
09/15/2023,444.75,476.25,1340.25,604.25,5996.00
09/14/2023,446.25,462.5,1343.75,567.50,6238.00
09/13/2023,431.25,464.0,1336.00,569.00,6288.00
09/12/2023,430.50,463.25,1331.75,560.25,6242.00
09/11/2023,444.50,471.25,1352.50,556.00,6221.00
09/08/2023,449.00,468.5,1349.50,567.25,6220.00
09/07/2023,454.50,470.75,1345.00,571.50,6238.00
09/06/2023,459.75,471.5,1360.25,581.00,6267.00
09/05/2023,455.75,471.0,1349.00,572.50,6251.00
09/01/2023,473.50,464.75,1356.25,567.50,6267.00
08/31/2023,468.75,461.0,1360.00,573.00,6175.00
08/30/2023,465.00,461.75,1381.25,576.75,6162.00
08/29/2023,464.75,469.5,1382.00,569.75,6142.00
08/28/2023,474.25,478.5,1395.25,588.00,6174.00
08/25/2023,473.25,470.75,1381.00,593.25,6232.00
08/24/2023,471.50,472.25,1365.75,604.00,6219.00
08/23/2023,472.00,476.25,1359.50,612.50,6239.00
08/22/2023,465.25,466.5,1351.50,601.75,6252.00
08/21/2023,469.00,469.25,1370.00,599.25,6337.00
08/18/2023,474.50,479.5,1354.25,613.25,6340.00
08/17/2023,468.25,473.0,1330.50,589.50,6175.00
08/14/2023,447.25,475.75,1326.00,616.00,6204.00
08/11/2023,456.25,474.5,1307.50,626.75,6146.00
08/10/2023,461.00,483.25,1318.25,637.75,6179.00
08/09/2023,458.25,481.0,1308.50,635.00,6205.00
08/08/2023,463.75,485.75,1306.00,656.25,6269.00
08/07/2023,466.25,482.25,1302.00,657.50,6319.00
08/04/2023,473.75,484.25,1333.25,633.00,6289.00
08/03/2023,459.75,480.75,1325.25,627.00,6263.00
08/02/2023,444.50,488.25,1321.25,640.00,6273.00
08/01/2023,440.75,497.0,1341.25,652.25,6331.00
07/31/2023,406.00,504.0,1331.75,665.75,6377.00
07/28/2023,419.25,521.0,1382.50,704.25,6402.00
07/27/2023,432.50,533.25,1398.00,712.75,6368.00
07/26/2023,450.00,540.25,1420.00,720.00,6396.00
07/25/2023,453.50,557.5,1420.00,760.25,6377.00
07/24/2023,452.00,560.5,1424.50,757.50,6435.00
07/21/2023,470.00,527.0,1401.75,697.50,6377.00
07/20/2023,497.75,537.25,1404.75,727.00,6260.00
07/18/2023,477.25,528.75,1395.25,670.75,6260.00
07/17/2023,469.50,499.25,1378.00,653.75,6197.00
07/14/2023,465.50,599.75,1399.75,641.50,6076.00
07/13/2023,473.50,593.5,1399.00,627.50,6050.00
07/12/2023,462.25,549.75,1355.75,621.25,6097.00
07/11/2023,458.00,571.75,1385.25,649.50,6074.00
07/10/2023,450.00,570.75,1365.75,636.25,6026.00
07/07/2023,439.75,560.5,1338.75,639.50,5959.00
07/06/2023,443.50,566.75,1358.25,647.00,5911.00
07/05/2023,448.00,548.25,1378.25,662.00,5934.00
07/03/2023,460.00,557.25,1377.50,628.50,5944.00
06/30/2023,449.75,554.5,1355.50,636.25,5874.00
06/28/2023,430.25,590.0,1278.25,655.75,5792.00
06/27/2023,434.25,623.0,1308.50,685.00,5719.00
06/26/2023,442.00,637.25,1336.75,724.25,5755.00
06/23/2023,431.00,630.75,1321.50,733.25,5713.00
06/22/2023,443.25,660.5,1347.75,739.00,5727.00
06/21/2023,459.50,671.0,1388.00,734.50,5792.00
06/20/2023,468.75,643.75,1353.25,695.75,5805.00
06/16/2023,473.50,640.25,1358.00,688.00,5729.00
06/15/2023,445.00,623.25,1309.00,661.50,5729.00
06/14/2023,437.25,607.75,1388.25,630.25,5700.00
06/13/2023,448.50,612.5,1399.25,636.25,5685.00
06/12/2023,440.00,617.25,1372.75,633.75,5649.00
06/09/2023,433.25,604.25,1386.50,630.25,5586.00
06/08/2023,426.75,610.25,1363.25,626.25,5527.00
06/07/2023,421.00,604.25,1360.75,616.75,5438.00
06/06/2023,429.50,608.0,1353.25,627.75,5411.00
06/05/2023,423.50,597.5,1350.00,624.00,5430.00
06/02/2023,406.50,609.0,1352.50,619.00,5416.00
06/01/2023,399.75,592.5,1329.50,610.75,5364.00
05/31/2023,395.25,594.0,1299.75,594.25,5366.00
05/30/2023,385.00,594.0,1296.50,591.00,5548.00
05/26/2023,411.25,604.0,1337.25,616.00,5577.00
05/25/2023,407.00,590.75,1324.00,604.25,5597.00
05/24/2023,399.00,587.25,1324.50,606.25,5717.00
05/23/2023,393.25,577.5,1322.50,622.25,5735.00
05/22/2023,392.75,571.0,1341.25,606.25,5778.00
05/19/2023,395.75,554.5,1307.25,605.00,6075.00
05/17/2023,396.50,561.5,1337.00,625.50,5857.00
05/16/2023,408.75,581.25,1364.00,647.50,5723.00
05/15/2023,423.25,592.5,1400.75,660.75,5723.00
05/12/2023,416.00,633.25,1435.00,624.50,5836.00
05/11/2023,425.00,632.5,1443.25,614.25,5933.00
05/10/2023,435.75,645.5,1436.50,628.25,5959.00
05/09/2023,434.25,642.25,1414.25,643.50,5889.00
05/08/2023,429.00,656.5,1433.75,654.00,5948.00
05/05/2023,448.50,653.25,1436.50,660.25,6024.00
05/04/2023,438.00,646.5,1417.00,645.00,6075.00
05/03/2023,436.50,645.25,1417.50,639.75,6011.00
05/02/2023,441.00,638.0,1410.75,609.25,5944.00
04/28/2023,432.25,636.0,1419.25,633.75,5967.00
04/27/2023,443.00,627.0,1403.75,629.25,6051.00
04/26/2023,457.25,641.5,1414.75,642.00,6030.00
04/25/2023,442.25,646.5,1417.50,653.00,6154.00
04/24/2023,459.00,651.25,1436.00,657.00,6195.00
04/21/2023,456.50,663.25,1483.50,673.00,6266.00
04/20/2023,456.75,663.75,1497.50,680.00,6140.00
04/19/2023,469.25,672.25,1506.50,692.75,6140.00
04/18/2023,477.00,677.5,1519.25,709.50,6140.00
04/17/2023,460.50,676.5,1517.00,696.50,6140.00
04/13/2023,443.00,652.25,1501.00,667.00,6225.00
04/12/2023,449.50,656.0,1504.25,679.50,6247.00
04/11/2023,460.50,651.0,1497.25,674.00,6260.00
04/06/2023,461.50,643.5,1492.50,675.50,6036.00
04/05/2023,453.00,652.75,1511.00,682.00,6086.00
04/03/2023,490.00,657.75,1522.00,693.50,6112.00
03/31/2023,475.75,660.5,1505.50,692.25,6148.00
03/29/2023,479.50,650.5,1477.25,704.75,6238.00
03/28/2023,471.75,647.25,1467.75,699.75,6258.00
03/27/2023,471.75,648.25,1442.25,698.00,6256.00
03/24/2023,457.00,643.0,1428.25,688.50,6316.00
03/23/2023,436.25,631.75,1419.50,662.00,6386.00
03/22/2023,430.50,633.5,1448.50,663.50,6446.00
03/21/2023,441.00,630.0,1467.00,683.25,6392.00
03/20/2023,453.75,633.0,1486.00,700.75,6570.00
03/17/2023,467.25,634.25,1476.50,710.50,6462.00
03/16/2023,472.25,632.75,1491.50,699.00,6482.00
03/15/2023,481.50,626.5,1489.25,702.75,6540.00
03/14/2023,482.75,627.5,1499.75,686.50,6542.00
03/13/2023,485.25,624.5,1500.00,672.25,6530.00
03/10/2023,493.00,624.25,1513.00,666.75,6420.00
03/09/2023,499.00,611.5,1510.75,665.75,6420.00
03/08/2023,513.25,625.5,1518.25,687.50,6374.00
03/06/2023,529.75,637.0,1528.50,695.25,6366.00
03/03/2023,538.50,645.25,1518.75,708.75,6356.00
03/02/2023,531.00,637.75,1509.25,712.75,6364.00
03/01/2023,528.50,640.5,1494.25,710.00,6284.00
02/28/2023,528.25,629.5,1479.00,705.50,6374.00
02/27/2023,542.75,642.75,1512.75,710.00,6472.00
02/24/2023,542.00,649.25,1529.00,721.75,6584.00
02/23/2023,544.50,659.25,1534.25,750.50,6564.00
02/22/2023,558.00,674.25,1539.50,750.00,6606.00
02/21/2023,560.75,680.5,1548.75,750.50,6694.00
02/17/2023,564.50,677.75,1527.25,765.50,6750.00
02/16/2023,553.25,676.0,1526.50,765.00,6800.00
02/15/2023,550.25,676.25,1525.75,769.25,6790.00
02/14/2023,553.50,682.25,1537.50,786.00,6718.00
02/13/2023,555.25,685.0,1542.75,792.00,6834.00
02/10/2023,550.50,680.5,1542.50,786.00,7074.00
02/09/2023,547.75,670.75,1519.25,757.25,7050.00
02/08/2023,554.25,678.5,1519.75,764.75,7064.00
02/07/2023,553.50,674.0,1515.25,749.75,7018.00
02/06/2023,549.75,679.0,1521.25,750.25,7016.00
02/03/2023,545.25,677.5,1532.00,756.75,7034.00
02/02/2023,544.25,675.25,1534.25,761.00,7052.00
02/01/2023,541.00,681.0,1520.25,759.75,7070.00
01/31/2023,551.75,679.75,1538.00,761.25,7106.00
01/30/2023,552.75,683.75,1535.25,752.50,7054.00
01/27/2023,544.25,683.0,1509.50,750.00,7014.00
01/25/2023,530.50,674.75,1502.50,741.25,6936.00
01/24/2023,533.00,677.0,1488.50,734.50,7012.00
01/23/2023,529.25,666.25,1490.25,720.00,7020.00
01/20/2023,533.00,676.25,1506.50,741.50,7000.00
01/19/2023,536.75,677.25,1514.75,734.50,7048.00
01/18/2023,538.50,681.25,1524.50,742.50,7258.00
01/17/2023,556.25,685.25,1539.75,751.75,7134.00
01/13/2023,566.75,675.0,1538.25,743.75,7314.00
01/12/2023,569.00,671.0,1529.50,742.75,7176.00
01/11/2023,564.25,656.0,1515.00,740.00,7120.00
01/10/2023,561.00,655.0,1510.00,731.00,7126.00
01/09/2023,564.25,652.75,1503.50,741.50,7190.00
01/06/2023,577.75,654.0,1501.50,743.50,7224.00
01/05/2023,583.00,652.75,1466.75,746.75,7224.00
01/04/2023,589.50,653.75,1478.25,745.50,7180.00
01/03/2023,594.75,670.5,1487.25,775.50,7232.00
12/30/2022,584.25,678.5,1524.00,792.00,7120.00
12/29/2022,582.00,679.5,1516.25,774.00,7050.00
12/28/2022,578.50,682.75,1514.25,785.50,7050.00
12/27/2022,580.50,674.75,1489.00,774.50,7040.00
12/23/2022,566.75,666.25,1479.00,776.00,7156.00
12/22/2022,573.75,660.5,1467.75,762.25,7188.00
12/21/2022,572.75,662.25,1481.00,767.75,7182.00
12/20/2022,556.25,652.0,1478.50,750.50,7334.00
12/19/2022,556.75,647.25,1460.75,748.50,7242.00
12/16/2022,560.00,653.0,1480.00,753.50,7404.00
12/15/2022,558.50,653.5,1473.50,757.25,7512.00
12/14/2022,562.00,639.0,1482.25,728.25,7494.00
12/13/2022,563.25,643.75,1479.75,728.75,7442.00
12/12/2022,555.25,641.25,1460.50,733.00,7428.00
12/09/2022,565.50,634.75,1483.75,712.75,7448.00
12/08/2022,571.25,632.0,1486.25,724.25,7454.00
12/07/2022,569.50,627.75,1472.00,727.00,7444.00
12/06/2022,569.75,625.5,1455.00,705.50,7440.00
12/05/2022,567.75,628.75,1437.75,715.50,7424.00
12/02/2022,566.75,635.0,1438.50,737.25,7440.00
12/01/2022,585.50,650.0,1429.75,783.00,7476.00
11/30/2022,599.75,662.0,1469.50,795.50,7444.00
11/29/2022,586.00,665.75,1459.50,781.50,7472.00
11/28/2022,584.25,668.75,1457.25,780.75,7420.00
11/25/2022,590.00,668.0,1436.25,797.00,7416.00
11/23/2022,585.50,663.25,1436.00,813.50,7408.00
11/22/2022,604.75,656.75,1429.75,810.50,7428.00
11/21/2022,603.00,659.5,1436.25,799.25,7476.00
11/18/2022,610.25,667.75,1428.25,803.25,7430.00
11/17/2022,599.50,667.5,1417.00,806.75,7440.00
11/16/2022,616.25,665.25,1429.25,817.50,7402.00
11/15/2022,614.00,666.75,1457.25,828.25,7374.00
11/14/2022,626.00,657.25,1440.50,818.50,7322.00
11/11/2022,636.25,658.0,1451.88,813.75,7314.00
11/10/2022,637.00,653.25,1422.12,803.50,7256.00
11/09/2022,644.00,664.5,1451.50,806.50,7254.00
11/07/2022,648.75,675.75,1450.25,845.75,7268.00
11/04/2022,664.75,681.0,1462.25,847.75,7236.00
11/03/2022,660.00,679.25,1437.00,840.50,7220.00
11/02/2022,662.25,687.5,1454.00,846.00,7286.00
11/01/2022,671.00,697.75,1447.75,902.50,7198.00
10/31/2022,676.75,691.5,1419.50,882.25,7126.00
10/28/2022,636.50,680.75,1387.75,829.25,7132.00
10/27/2022,652.00,682.25,1382.25,838.50,7134.00
10/25/2022,637.00,686.25,1382.00,834.75,7112.00
10/24/2022,644.75,681.5,1372.00,838.75,7114.00
10/21/2022,630.75,684.25,1395.50,850.75,7138.00
10/20/2022,632.00,684.0,1389.50,849.25,7184.00
10/19/2022,627.75,678.25,1372.50,841.25,7090.00
10/18/2022,623.25,681.0,1372.00,849.50,7186.00
10/17/2022,620.75,683.5,1385.25,861.00,7102.00
10/14/2022,633.75,689.75,1383.75,859.75,7084.00
10/13/2022,633.75,697.75,1395.75,892.25,7084.00
10/12/2022,633.00,693.0,1395.50,882.25,7058.00
10/11/2022,630.25,693.0,1376.25,901.00,7108.00
10/10/2022,642.50,698.25,1374.00,938.00,7170.00
10/07/2022,629.50,683.25,1367.00,880.25,7320.00
10/06/2022,616.75,675.5,1358.00,879.00,7322.00
10/04/2022,646.25,683.0,1383.50,903.00,7304.00
10/03/2022,633.25,680.75,1373.12,912.00,7342.00
09/30/2022,633.00,677.5,1364.75,921.50,7400.00
09/29/2022,611.75,669.5,1410.75,896.25,7426.00
09/28/2022,607.25,670.5,1408.75,903.25,7418.00
09/27/2022,602.75,667.5,1408.00,871.50,7432.00
09/26/2022,588.50,666.25,1410.75,858.00,7424.00
09/23/2022,606.75,676.75,1425.75,880.50,7484.00
09/22/2022,605.75,688.25,1453.00,910.75,7426.00
09/21/2022,580.00,685.5,1461.25,903.75,7398.00
09/20/2022,574.75,692.0,1478.75,893.75,7428.00
09/19/2022,571.50,678.25,1461.25,830.50,7428.00
09/16/2022,577.25,677.25,1448.50,859.75,7402.00
09/15/2022,581.75,677.5,1451.50,845.00,7410.00
09/14/2022,592.00,709.0,1455.00,853.75,7410.00
09/13/2022,606.50,709.0,1478.75,842.75,7426.00
09/12/2022,604.75,712.25,1488.25,858.75,7442.00
09/09/2022,597.75,698.5,1412.25,869.50,7460.00
09/08/2022,600.00,668.5,1386.00,829.00,7362.00
09/07/2022,609.25,676.75,1383.50,844.25,7386.00
09/06/2022,605.50,680.75,1398.75,817.00,7378.00
09/05/2022,612.50,667.38,1417.25,812.25,7382.00
09/02/2022,612.75,669.0,1420.50,811.00,7340.00
09/01/2022,605.00,658.25,1392.50,797.75,7322.00
08/30/2022,602.25,679.75,1432.50,820.25,7292.00
08/29/2022,621.00,683.75,1437.75,842.75,7404.00
08/26/2022,629.25,668.75,1461.25,784.75,7444.00
08/25/2022,623.75,657.5,1431.25,769.75,7412.00
08/24/2022,633.25,665.75,1457.00,795.00,7550.00
08/23/2022,635.50,660.0,1460.12,782.75,7544.00
08/22/2022,622.75,633.5,1435.25,770.50,7498.00
08/19/2022,601.50,626.0,1404.00,753.25,7534.00
08/18/2022,604.00,619.75,1405.25,731.50,7582.00
08/17/2022,615.00,615.0,1390.00,763.25,7582.00
08/16/2022,624.50,611.0,1381.38,786.00,7496.00
08/12/2022,656.25,639.75,1454.25,806.00,7356.00
08/11/2022,660.00,629.25,1448.50,810.75,7298.00
08/10/2022,659.00,621.25,1427.75,799.75,7260.00
08/08/2022,655.75,608.5,1400.00,779.75,7232.00
08/05/2022,653.25,610.25,1408.75,775.75,7194.00
08/04/2022,648.50,602.25,1417.75,782.50,7204.00
08/03/2022,633.00,591.5,1369.75,763.75,7166.00
08/02/2022,656.75,591.25,1386.50,774.75,7168.00
08/01/2022,651.25,607.0,1406.00,800.25,7242.00
07/29/2022,675.75,616.25,1468.50,807.75,7282.00
07/28/2022,690.00,615.0,1440.50,817.00,7304.00
07/27/2022,663.75,600.25,1410.00,790.25,7288.00
07/26/2022,641.75,597.0,1383.75,803.75,7296.00
07/25/2022,626.25,580.0,1346.00,770.00,7238.00
07/22/2022,633.50,564.25,1315.75,759.00,7310.00
07/21/2022,623.75,575.75,1301.50,806.25,7382.00
07/20/2022,630.00,592.25,1332.25,819.50,7310.00
07/19/2022,658.75,596.75,1358.25,812.25,7174.00
07/18/2022,674.50,612.25,1380.25,812.75,7174.00
07/15/2022,675.25,604.25,1342.25,776.75,7284.00
07/14/2022,669.25,695.0,1359.75,794.25,7252.00
07/13/2022,668.50,740.0,1370.25,798.25,7292.00
07/12/2022,675.00,732.75,1362.50,801.50,7314.00
07/11/2022,698.00,781.25,1423.50,843.75,7356.00
07/08/2022,693.50,778.25,1513.25,891.50,7406.00
07/07/2022,690.00,747.0,1485.25,836.50,7340.00
07/06/2022,683.00,744.25,1446.50,804.50,7362.00
07/05/2022,663.25,736.0,1439.25,807.00,7378.00
07/01/2022,669.25,754.5,1509.75,846.00,7520.00
06/30/2022,694.00,743.75,1560.50,884.00,7480.00
06/29/2022,699.25,770.25,1571.50,930.00,7418.00
06/28/2022,683.50,759.5,1556.50,936.00,7350.00
06/27/2022,681.50,744.25,1529.50,917.50,7238.00
06/24/2022,696.50,750.25,1610.75,923.75,7206.00
06/23/2022,661.75,746.75,1593.25,937.25,7278.00
06/22/2022,694.75,768.0,1652.75,976.50,7190.00
06/21/2022,719.75,760.75,1681.00,975.25,7242.00
06/17/2022,766.75,784.5,1702.00,1034.25,7406.00
06/16/2022,757.75,788.25,1709.50,1078.25,7330.00
06/15/2022,754.00,774.0,1693.75,1050.00,7430.00
06/14/2022,769.00,768.25,1698.50,1050.25,7406.00
06/13/2022,761.50,769.25,1707.50,1071.00,7358.00
06/10/2022,785.00,773.25,1745.50,1070.75,7466.00
06/09/2022,780.25,773.0,1769.00,1071.25,7472.00
06/08/2022,791.00,764.5,1740.00,1074.75,7478.00
06/07/2022,782.75,757.0,1728.25,1071.75,7458.00
06/06/2022,804.50,742.5,1699.25,1093.00,7488.00
06/03/2022,775.75,727.0,1697.75,1040.00,7500.00
06/02/2022,796.75,730.25,1729.25,1058.25,7452.00
06/01/2022,796.75,731.25,1690.25,1041.25,7416.00
05/31/2022,811.75,753.5,1683.25,1087.50,7402.00
05/30/2022,814.75,775.62,1737.50,1155.38,7368.00
05/27/2022,828.25,777.25,1732.25,1157.50,7592.00
05/26/2022,830.50,765.0,1726.50,1143.25,7632.00
05/25/2022,800.25,772.25,1681.00,1148.25,7500.00
05/24/2022,816.75,771.75,1693.00,1154.75,7612.00
05/23/2022,821.00,786.25,1687.00,1190.00,7628.00
05/20/2022,830.00,778.75,1705.25,1168.75,7526.00
05/19/2022,824.75,783.25,1690.50,1200.50,7450.00
05/18/2022,831.25,781.5,1662.75,1230.75,7434.00
05/17/2022,876.00,800.75,1678.00,1277.50,7496.00
05/16/2022,879.50,809.5,1656.50,1247.50,7474.00
05/13/2022,870.50,794.5,1646.50,1167.25,7340.00
05/12/2022,848.50,813.5,1613.75,1174.50,7294.00
05/11/2022,849.25,802.25,1606.75,1108.75,7286.00
05/10/2022,851.25,786.5,1592.25,1083.25,7240.00
05/09/2022,846.50,784.5,1585.25,1092.75,7238.00
05/06/2022,842.00,792.25,1622.00,1108.50,7216.00
05/05/2022,854.50,803.75,1647.00,1106.50,7210.00
05/04/2022,835.50,798.5,1646.12,1076.50,7278.00
05/03/2022,818.00,800.75,1630.50,1047.00,7280.00
05/02/2022,814.00,813.0,1645.25,1054.38,7280.00
04/29/2022,997.75,818.25,1685.38,1055.75,7330.00
04/28/2022,1025.25,816.0,1684.75,1085.75,7248.00
04/27/2022,1045.00,815.5,1692.75,1091.25,7182.00
04/26/2022,1059.75,803.25,1672.38,1095.00,7164.00
04/25/2022,1065.25,800.25,1675.25,1082.12,7180.00
04/22/2022,1081.25,793.0,1716.00,1065.50,7182.00
04/21/2022,1064.50,799.25,1748.25,1068.00,7228.00
04/20/2022,1044.25,815.75,1746.75,1088.00,7176.00
04/19/2022,1018.00,804.0,1716.50,1099.00,6970.00
04/14/2022,1004.00,790.25,1682.25,1096.50,6978.00
04/13/2022,991.00,783.5,1676.00,1113.50,6978.00
04/12/2022,990.25,776.25,1670.25,1103.75,6946.00
04/11/2022,970.00,764.5,1655.25,1081.25,6960.00
04/08/2022,961.00,768.75,1689.00,1051.50,6970.00
04/07/2022,961.00,757.75,1645.50,1020.00,7010.00
04/06/2022,953.50,756.5,1618.75,1041.12,7124.00
04/05/2022,959.75,759.75,1631.00,1045.25,7220.00
04/04/2022,944.25,750.5,1602.25,1010.25,7322.00
04/01/2022,946.75,735.0,1582.75,984.50,7434.00
03/31/2022,941.00,748.75,1618.25,1006.00,7288.00
03/30/2022,962.00,738.0,1664.00,1027.25,7248.00
03/29/2022,937.75,726.25,1643.00,1014.25,7214.00
03/28/2022,972.00,748.5,1664.25,1057.00,7204.00
03/25/2022,969.25,754.0,1710.25,1102.25,7280.00
03/24/2022,978.00,748.25,1700.75,1085.75,7316.00
03/23/2022,926.50,757.75,1718.75,1105.75,7320.00
03/22/2022,994.50,753.0,1696.50,1118.25,7298.00
03/21/2022,970.00,756.25,1691.00,1119.25,7264.00
03/18/2022,937.75,741.75,1668.00,1063.75,7310.00
03/17/2022,928.50,754.5,1668.50,1098.00,7310.00
03/16/2022,899.50,730.0,1649.25,1069.25,7352.00
03/15/2022,902.50,758.0,1658.75,1154.25,7128.00
03/14/2022,898.25,728.25,1687.25,1099.75,7242.00
03/11/2022,904.75,764.5,1690.75,1090.00,7200.00
03/10/2022,883.00,757.75,1700.00,1073.75,7156.00
03/09/2022,891.00,735.0,1686.50,1199.50,7290.00
03/08/2022,882.75,754.5,1704.50,1273.00,7222.00
03/07/2022,845.00,749.25,1674.25,1425.25,7260.00
03/04/2022,820.75,756.5,1676.25,1348.00,7250.00
03/03/2022,809.75,751.25,1680.25,1289.00,7200.00
03/02/2022,803.75,739.0,1677.50,1058.50,7308.00
03/01/2022,825.75,739.75,1705.50,1001.75,7050.00
02/28/2022,755.50,697.5,1644.25,928.00,7050.00
02/25/2022,727.00,659.5,1590.25,843.00,6892.00
02/24/2022,763.50,695.0,1661.50,926.00,6840.00
02/23/2022,740.25,683.75,1675.00,876.00,6742.00
02/22/2022,729.50,674.75,1635.00,844.25,6858.00
02/18/2022,703.75,654.25,1601.50,797.00,7102.00
02/17/2022,695.75,650.0,1592.00,798.00,7042.00
02/16/2022,702.25,647.0,1587.50,780.50,6914.00
02/15/2022,688.25,638.0,1551.25,779.75,6840.00
02/14/2022,685.50,655.75,1570.00,799.25,6806.00
02/11/2022,691.50,651.0,1583.00,797.75,6852.00
02/10/2022,686.25,641.75,1574.25,771.50,6760.00
02/09/2022,682.75,646.75,1594.75,785.00,6644.00
02/08/2022,677.00,632.25,1569.00,778.75,6590.00
02/07/2022,701.75,635.25,1581.75,768.75,6582.00
02/04/2022,696.50,620.5,1553.50,763.25,6536.00
02/03/2022,707.25,616.75,1544.25,751.75,6460.00
02/02/2022,716.00,622.5,1545.25,755.00,6446.00
02/01/2022,721.25,634.75,1528.50,769.00,6456.00
01/31/2022,792.00,626.0,1490.50,761.25,6476.00
01/28/2022,755.50,636.0,1470.00,786.25,6446.00
01/27/2022,746.00,625.25,1448.25,777.00,6478.00
01/25/2022,715.25,620.0,1407.25,818.00,6418.00
01/24/2022,719.50,621.0,1403.00,800.50,6306.00
01/21/2022,757.00,616.25,1414.25,780.00,6268.00
01/20/2022,760.75,611.0,1425.75,790.25,6144.00
01/19/2022,753.25,610.5,1391.25,796.50,6320.00
01/18/2022,737.25,599.5,1361.25,769.00,6236.00
01/14/2022,770.00,596.25,1356.75,741.50,6254.00
01/13/2022,740.25,587.5,1365.25,746.75,6198.00
01/12/2022,779.00,599.0,1391.25,757.75,6096.00
01/11/2022,795.00,601.0,1376.75,770.25,5978.00
01/10/2022,808.75,599.75,1374.75,762.00,5898.00
01/07/2022,828.00,606.75,1401.50,758.50,5880.00
01/06/2022,796.75,603.75,1377.25,746.00,5944.00
01/05/2022,806.50,602.25,1384.25,760.75,5972.00
01/04/2022,788.25,609.5,1378.75,770.00,5984.00
01/03/2022,771.25,589.25,1344.00,758.00,5938.00
12/31/2021,754.00,593.25,1328.75,770.75,5878.00
12/30/2021,761.50,596.0,1327.75,779.75,5834.00
12/29/2021,769.25,605.5,1356.50,787.75,5804.00
12/28/2021,769.00,604.75,1359.25,783.50,5806.00
12/27/2021,779.75,614.75,1362.50,804.00,5848.00
12/24/2021,751.75,605.8,1342.50,815.80,5946.00
12/23/2021,756.75,605.75,1332.00,814.75,5964.00
12/22/2021,746.75,602.5,1328.75,814.00,5910.00
12/21/2021,738.00,598.25,1308.00,799.00,5862.00
12/20/2021,725.25,591.0,1292.25,777.75,5916.00
12/17/2021,729.00,593.25,1285.25,775.00,6094.00
12/16/2021,722.50,591.25,1277.25,770.50,6196.00
12/15/2021,702.50,585.75,1262.50,756.00,6170.00
12/14/2021,709.25,588.75,1259.50,786.25,6184.00
12/13/2021,712.75,584.25,1244.00,785.50,6050.00
12/10/2021,718.25,588.5,1267.75,782.00,6330.00
12/09/2021,709.25,588.5,1264.50,773.50,6300.00
12/08/2021,707.50,584.75,1261.00,791.25,6418.00
12/07/2021,696.25,586.25,1250.25,799.25,6436.00
12/06/2021,680.00,583.5,1261.50,797.00,6422.00
12/03/2021,682.75,586.0,1267.25,794.50,6470.00
12/02/2021,680.00,577.0,1244.25,806.50,6434.00
12/01/2021,662.50,572.0,1228.25,778.50,6502.00
11/30/2021,644.75,567.0,1217.25,773.75,6464.00
11/29/2021,661.50,581.0,1241.50,807.50,6436.00
11/26/2021,673.25,586.75,1252.75,825.50,6532.00
11/24/2021,691.25,579.75,1266.50,836.75,6458.00
11/23/2021,682.50,580.5,1273.00,856.00,6494.00
11/22/2021,693.50,576.75,1274.25,845.75,6538.00
11/19/2021,677.75,570.75,1263.25,823.00,6362.00
11/18/2021,694.25,573.0,1265.50,823.00,6362.00
11/17/2021,691.25,575.25,1277.00,822.25,6290.00
11/16/2021,702.50,571.0,1251.25,810.25,6284.00
11/15/2021,707.25,576.5,1257.25,826.25,6454.00
11/12/2021,710.25,577.25,1234.00,817.00,6452.00
11/11/2021,704.25,569.5,1212.25,812.50,6422.00
11/10/2021,704.25,569.25,1203.50,803.00,6436.00
11/09/2021,692.75,554.75,1199.50,778.50,6496.00
11/08/2021,678.50,551.5,1178.00,768.00,6558.00
11/05/2021,685.00,553.0,1192.25,766.50,6494.00
11/04/2021,687.50,559.25,1209.25,773.75,6494.00
11/03/2021,692.00,564.0,1231.50,781.00,6468.00
11/02/2021,695.75,573.0,1244.00,791.50,6512.00
11/01/2021,689.25,579.0,1236.75,797.25,6540.00
10/29/2021,687.25,568.25,1235.75,772.75,6592.00
10/28/2021,688.00,562.75,1233.75,772.50,6612.00
10/27/2021,691.25,557.25,1239.25,759.75,6642.00
10/26/2021,692.75,543.5,1238.00,752.25,6542.00
10/25/2021,685.00,538.0,1237.25,759.50,6430.00
10/22/2021,674.50,538.0,1220.50,756.00,6440.00
10/21/2021,686.25,532.25,1224.00,741.25,6464.00
10/20/2021,698.25,539.25,1245.50,749.25,6380.00
10/19/2021,689.25,530.25,1228.00,736.00,6362.00
10/18/2021,673.75,532.75,1221.50,736.25,6270.00
10/15/2021,672.50,525.75,1217.75,734.00,6084.00
10/14/2021,660.00,516.75,1206.25,724.75,6084.00
10/13/2021,647.00,512.25,1195.25,718.75,6008.00
10/12/2021,641.25,522.5,1198.25,734.00,6112.00
10/11/2021,650.50,533.0,1228.25,731.75,6068.00
10/08/2021,667.50,530.5,1243.00,734.00,6120.00
10/07/2021,676.25,534.0,1247.25,741.25,6070.00
10/06/2021,671.25,532.25,1242.00,746.00,6058.00
10/05/2021,662.00,537.5,1250.50,744.75,6034.00
10/04/2021,649.00,540.75,1235.75,756.50,6046.00
10/01/2021,644.25,541.5,1246.50,755.25,6132.00
09/30/2021,638.75,536.75,1256.00,725.50,6126.00
09/29/2021,646.25,539.0,1283.75,710.25,6204.00
09/28/2021,633.00,532.5,1277.00,706.50,6140.00
09/27/2021,625.50,539.5,1287.50,722.25,6136.00
09/24/2021,619.50,526.75,1285.00,723.75,6214.00
09/23/2021,615.00,529.25,1284.25,717.75,6166.00
09/22/2021,607.00,525.5,1282.75,705.75,6058.00
09/21/2021,606.00,517.0,1274.00,690.25,6092.00
09/20/2021,599.25,521.75,1262.50,700.75,6194.00
09/17/2021,600.75,527.25,1284.00,708.75,6214.00
09/16/2021,598.25,529.5,1296.00,713.00,6266.00
09/15/2021,590.00,533.5,1294.50,712.25,6180.00
09/14/2021,587.00,503.0,1276.50,685.00,6184.00
09/13/2021,575.75,496.75,1272.50,674.50,6198.00
09/10/2021,570.75,502.75,1275.25,675.00,6298.00
09/09/2021,570.00,496.0,1258.75,681.50,6298.00
09/08/2021,581.50,498.25,1270.75,698.25,6318.00
09/07/2021,576.75,495.75,1268.75,708.75,6136.00
09/06/2021,573.75,524.25,1291.88,724.00,6056.00
09/03/2021,571.75,508.0,1283.00,714.50,6080.00
09/02/2021,574.25,516.25,1279.25,704.00,6036.00
09/01/2021,564.25,515.5,1277.75,701.00,5904.00
08/31/2021,567.25,534.0,1298.75,706.75,5888.00
08/30/2021,574.00,540.25,1304.75,708.75,5948.00
08/27/2021,571.50,558.0,1359.25,718.50,6000.00
08/26/2021,576.75,552.75,1367.50,725.25,6128.00
08/25/2021,577.25,551.25,1346.00,711.25,6408.00
08/24/2021,571.75,544.5,1337.00,718.00,6400.00
08/23/2021,561.50,538.0,1294.00,719.75,6038.00
08/20/2021,557.50,538.75,1293.75,714.25,5890.00
08/19/2021,564.00,550.0,1323.00,727.50,5890.00
08/18/2021,572.75,561.75,1358.25,737.25,5890.00
08/17/2021,574.75,558.25,1369.00,734.50,5832.00
08/16/2021,574.00,564.75,1376.00,760.50,5832.00
08/13/2021,567.00,568.25,1424.25,762.25,5752.00
08/12/2021,555.50,567.0,1401.50,753.50,5664.00
08/11/2021,553.00,556.25,1405.50,727.00,5644.00
08/10/2021,545.50,549.25,1447.50,727.00,5652.00
08/09/2021,540.25,550.25,1433.75,711.25,5596.00
08/06/2021,542.50,555.0,1422.25,719.00,5580.00
08/05/2021,539.50,555.75,1402.50,712.75,5652.00
08/04/2021,533.25,545.75,1403.50,717.25,5636.00
08/03/2021,528.00,550.5,1392.25,724.50,5622.00
08/02/2021,527.25,558.75,1418.75,729.50,5632.00
07/30/2021,521.50,547.0,1414.75,703.75,5626.00
07/29/2021,531.75,558.0,1434.25,705.25,5608.00
07/28/2021,535.00,549.25,1432.00,688.75,5550.00
07/27/2021,529.25,548.75,1418.25,674.50,5598.00
07/26/2021,528.75,549.75,1412.75,677.00,5628.00
07/23/2021,532.00,547.25,1401.00,684.00,5610.00
07/22/2021,529.00,564.5,1416.25,692.25,5660.00
07/21/2021,523.75,571.75,1439.25,710.75,5460.00
07/20/2021,535.25,571.75,1443.50,700.50,5410.00
07/19/2021,533.00,556.0,1428.00,697.75,5442.00
07/16/2021,547.50,556.0,1454.75,692.50,5396.00
07/15/2021,548.00,564.25,1447.50,672.00,5298.00
07/14/2021,538.75,683.0,1467.75,645.00,5312.00
07/13/2021,547.50,677.0,1438.00,628.75,5326.00
07/12/2021,541.75,669.25,1432.50,635.00,5304.00
07/09/2021,527.25,629.75,1404.00,608.50,5250.00
07/08/2021,518.75,638.0,1390.25,612.25,5200.00
07/07/2021,511.00,652.5,1386.50,614.75,5188.00
07/06/2021,505.75,656.0,1363.75,620.00,5184.00
07/02/2021,536.50,697.25,1451.75,645.75,5208.00
07/01/2021,537.75,719.75,1446.75,658.50,5140.00
06/30/2021,531.25,720.0,1450.00,671.50,5104.00
06/29/2021,526.25,694.5,1359.75,639.75,5106.00
06/28/2021,518.00,675.5,1357.00,646.00,5080.00
06/25/2021,507.00,636.5,1329.75,637.00,5088.00
06/24/2021,505.25,653.25,1371.25,651.25,5092.00
06/23/2021,507.50,664.25,1385.00,661.25,5116.00
06/22/2021,494.50,659.75,1394.50,651.00,5132.00
06/21/2021,490.25,659.25,1415.00,661.50,5126.00
06/18/2021,488.25,655.25,1396.00,662.75,5060.00
06/17/2021,477.00,633.0,1329.75,639.00,5032.00
06/16/2021,498.25,673.0,1448.50,662.75,5020.00
06/15/2021,508.00,667.5,1465.75,661.50,5044.00
06/14/2021,509.75,659.25,1472.25,674.50,4980.00
06/11/2021,516.75,684.5,1508.50,680.75,4998.00
06/10/2021,529.75,699.0,1544.00,683.75,5038.00
06/09/2021,534.50,690.75,1562.50,682.25,5060.00
06/08/2021,542.75,680.0,1580.00,685.00,5072.00
06/07/2021,541.75,679.25,1560.25,680.00,5106.00
06/04/2021,537.50,682.75,1583.75,687.75,5028.00
06/03/2021,538.75,662.0,1549.25,676.25,5040.00
06/02/2021,534.25,675.0,1562.50,687.50,5026.00
06/01/2021,532.00,688.75,1548.50,693.50,5004.00
05/31/2021,515.25,666.88,1543.62,673.62,5024.00
05/28/2021,519.75,656.75,1530.50,663.50,5064.00
05/27/2021,520.25,664.5,1537.00,676.25,5070.00
05/26/2021,501.50,624.5,1503.50,648.50,5068.00
05/25/2021,508.00,620.25,1511.75,656.50,5090.00
05/24/2021,513.00,657.25,1522.75,662.25,5068.00
05/21/2021,524.75,659.5,1526.25,674.25,5054.00
05/20/2021,528.00,664.5,1533.25,675.25,5060.00
05/19/2021,528.50,658.25,1538.25,679.25,5100.00
05/18/2021,542.50,658.25,1574.25,698.00,5094.00
05/17/2021,541.00,652.5,1587.50,699.75,5172.00
05/14/2021,547.75,685.0,1603.75,727.25,5108.00
05/13/2021,532.75,719.0,1612.25,726.50,5160.00
05/12/2021,555.25,757.5,1660.50,754.75,5160.00
05/11/2021,543.25,759.5,1637.50,759.75,5160.00
05/10/2021,532.00,748.0,1620.00,742.50,5140.00
05/07/2021,540.75,772.75,1621.00,773.50,5170.00
05/06/2021,540.50,759.5,1605.50,764.25,5200.00
05/05/2021,522.25,753.25,1582.00,755.75,5224.00
05/04/2021,517.25,744.75,1577.00,737.00,5204.00
05/03/2021,511.25,732.25,1560.25,725.50,5132.00
04/30/2021,601.25,740.0,1571.00,742.50,5210.00
04/29/2021,681.25,702.0,1542.50,737.50,5262.00
04/28/2021,597.25,686.25,1557.75,725.25,5260.00
04/27/2021,592.00,695.5,1549.75,733.75,5238.00
04/26/2021,585.75,680.5,1569.00,739.50,5094.00
04/23/2021,591.50,655.5,1539.75,710.25,5264.00
04/22/2021,595.25,650.5,1533.25,710.25,5364.00
04/21/2021,561.75,625.5,1497.25,673.25,5218.00
04/20/2021,547.50,606.5,1472.00,659.75,5126.00
04/19/2021,530.75,592.0,1449.75,652.25,5126.00
04/16/2021,509.25,585.5,1433.25,652.50,5008.00
04/15/2021,508.00,590.0,1418.25,653.75,5008.00
04/14/2021,507.00,594.0,1410.00,648.00,4848.00
04/13/2021,505.25,580.0,1389.50,629.75,4848.00
04/12/2021,502.50,569.0,1382.00,628.00,4750.00
04/09/2021,510.50,577.25,1403.00,638.75,4772.00
04/08/2021,512.75,579.75,1415.25,628.75,4790.00
04/07/2021,496.75,560.5,1408.75,616.25,4802.00
04/06/2021,503.75,554.25,1418.75,615.50,4836.00
04/01/2021,494.00,559.75,1402.00,611.00,4880.00
03/31/2021,514.00,564.25,1436.75,618.00,4848.00
03/30/2021,501.25,539.25,1366.75,601.75,4764.00
03/29/2021,513.25,546.75,1393.00,616.75,4756.00
03/26/2021,506.25,552.5,1400.50,613.25,4756.00
03/25/2021,516.25,546.5,1414.25,612.50,4736.00
03/24/2021,525.25,553.25,1432.75,624.75,4814.00
03/23/2021,520.75,551.25,1423.25,634.75,4838.00
03/22/2021,513.00,549.0,1417.50,627.25,4764.00
03/19/2021,515.00,557.75,1416.25,627.00,4628.00
03/18/2021,505.00,546.5,1392.25,630.50,4770.00
03/17/2021,520.75,558.0,1417.75,640.00,4802.00
03/16/2021,525.75,554.25,1423.25,647.00,4692.00
03/15/2021,526.25,549.5,1419.50,645.00,4636.00
03/12/2021,522.00,549.25,1415.75,631.75,4734.00
03/10/2021,509.25,547.75,1411.50,650.75,4622.00
03/09/2021,520.75,562.0,1441.25,656.50,4598.00
03/08/2021,525.75,565.0,1437.75,646.50,4570.00
03/05/2021,518.50,562.0,1434.25,654.00,4446.00
03/04/2021,515.00,546.25,1415.25,649.75,4426.00
03/03/2021,503.75,550.25,1410.75,652.00,4528.00
03/02/2021,502.50,560.75,1414.00,663.25,4534.00
03/01/2021,496.25,547.5,1392.50,643.75,4466.00
02/26/2021,491.50,555.5,1405.25,655.00,4426.00
02/25/2021,488.25,554.75,1406.00,671.75,4404.00
02/24/2021,484.50,559.25,1423.75,680.25,4376.00
02/23/2021,472.00,553.75,1406.00,665.75,4372.00
02/22/2021,461.00,551.0,1383.75,664.00,4316.00
02/19/2021,461.50,542.75,1377.25,650.75,4292.00
02/18/2021,460.00,550.25,1375.00,662.50,4292.00
02/17/2021,458.50,553.0,1383.75,644.00,4424.00
02/16/2021,461.50,552.25,1384.75,657.50,4418.00
02/15/2021,454.00,539.62,1367.00,637.75,4388.00
02/12/2021,449.50,538.75,1372.00,636.75,4412.00
02/11/2021,446.75,541.0,1367.50,633.50,4398.00
02/10/2021,443.75,534.5,1354.00,635.50,4402.00
02/09/2021,446.25,556.25,1401.75,649.50,4398.00
02/08/2021,444.75,563.75,1387.75,655.75,4386.00
02/05/2021,439.75,548.5,1366.75,641.25,4408.00
02/04/2021,439.25,550.0,1372.50,637.50,4388.00
02/03/2021,436.50,552.0,1371.25,648.25,4392.00
02/02/2021,439.00,543.0,1354.75,644.75,4378.00
02/01/2021,440.50,549.25,1365.25,651.00,4370.00
01/29/2021,451.50,547.0,1370.00,663.00,4380.00
01/28/2021,453.25,534.5,1353.25,647.00,4410.00
01/27/2021,444.75,534.0,1374.75,658.25,4356.00
01/25/2021,437.00,511.5,1343.50,648.50,4360.00
01/22/2021,432.25,500.5,1311.75,634.50,4410.00
01/21/2021,433.75,524.25,1370.25,660.75,4406.00
01/20/2021,427.50,522.0,1369.50,667.75,4426.00
01/19/2021,432.75,526.0,1385.75,672.25,4426.00
01/15/2021,432.25,531.5,1416.75,675.50,4424.00
01/14/2021,439.50,534.25,1436.50,670.00,4424.00
01/13/2021,442.25,524.5,1411.00,660.50,4422.00
01/12/2021,441.50,517.25,1422.00,665.00,4414.00
01/11/2021,440.00,492.25,1374.50,634.75,4414.00
01/08/2021,440.00,496.25,1375.75,638.75,4422.00
01/07/2021,432.25,494.0,1360.50,642.25,4402.00
01/06/2021,433.25,495.0,1365.25,647.50,4428.00
01/05/2021,429.75,491.75,1350.00,654.00,4400.00
01/04/2021,421.50,483.75,1316.50,642.00,4386.00
12/31/2020,418.25,484.0,1315.25,640.50,4444.00
12/30/2020,416.50,474.5,1303.75,640.75,4422.00
12/29/2020,418.00,466.0,1295.50,618.50,4380.00
12/28/2020,414.50,456.5,1255.25,614.25,4372.00
12/24/2020,414.50,451.0,1263.50,627.00,4434.00
12/23/2020,413.75,447.25,1258.75,629.75,4374.00
12/22/2020,414.75,443.5,1247.25,617.00,4352.00
12/21/2020,412.75,440.0,1243.25,611.25,4314.00
12/18/2020,413.25,437.5,1220.00,608.25,4302.00
12/17/2020,413.00,432.5,1201.25,608.75,4428.00
12/16/2020,411.50,427.25,1183.75,598.50,4428.00
12/15/2020,407.75,424.75,1184.25,599.75,4400.00
12/14/2020,405.75,419.25,1169.50,593.50,4418.00
12/11/2020,408.50,424.25,1160.50,608.25,4442.00
12/10/2020,408.50,420.25,1152.75,590.25,4506.00
12/09/2020,408.75,422.0,1158.50,577.00,4512.00
12/08/2020,404.75,417.0,1145.75,563.75,4558.00
12/07/2020,408.00,419.5,1158.50,571.25,4568.00
12/04/2020,409.25,417.0,1163.00,566.50,4598.00
12/03/2020,407.50,422.5,1168.25,571.75,4602.00
12/02/2020,403.50,419.0,1153.00,578.00,4560.00
12/01/2020,404.25,414.75,1162.00,565.50,4554.00
11/27/2020,414.00,425.5,1191.75,596.50,4636.00
11/25/2020,412.75,420.0,1184.00,588.25,4682.00
11/24/2020,411.75,425.75,1191.25,611.25,4630.00
11/23/2020,415.50,426.5,1191.50,598.75,4680.00
11/20/2020,415.25,423.25,1181.00,593.25,4684.00
11/19/2020,414.50,422.5,1177.50,591.75,4638.00
11/18/2020,414.50,425.75,1175.75,597.75,4582.00
11/17/2020,410.25,420.25,1169.75,595.25,4658.00
11/13/2020,408.75,410.5,1141.50,593.50,4706.00
11/12/2020,406.25,408.25,1137.00,588.25,4708.00
11/11/2020,409.00,417.25,1143.25,598.00,4694.00
11/10/2020,409.50,423.0,1138.25,608.50,4672.00
11/09/2020,401.25,407.5,1105.00,597.50,4664.00
11/06/2020,398.00,406.75,1098.50,602.00,4652.00
11/05/2020,402.25,409.25,1101.75,609.25,4724.00
11/04/2020,396.25,405.25,1079.00,606.00,4750.00
11/03/2020,389.25,401.0,1059.00,608.00,4652.00
11/02/2020,383.00,397.5,1050.75,607.50,4540.00
10/30/2020,377.50,398.5,1056.50,598.50,4512.00
10/29/2020,379.50,398.5,1051.75,603.75,4442.00
10/28/2020,381.00,401.5,1057.25,608.75,4390.00
10/27/2020,387.75,416.0,1082.25,615.75,4414.00
10/26/2020,391.25,417.75,1087.75,620.00,4354.00
10/23/2020,392.00,419.25,1083.75,632.75,4242.00
10/22/2020,394.75,416.25,1073.75,622.75,4238.00
10/21/2020,395.00,413.75,1072.00,629.75,4244.00
10/20/2020,391.00,408.75,1064.00,632.00,4174.00
10/19/2020,388.75,405.25,1054.25,627.00,4174.00
10/16/2020,390.00,402.0,1050.00,625.25,4132.00
10/15/2020,389.00,403.75,1062.25,618.25,4132.00
10/14/2020,390.25,396.5,1056.25,596.75,4094.00
10/13/2020,391.00,391.25,1044.00,594.00,4114.00
10/12/2020,388.00,389.0,1033.75,594.25,4122.00
10/09/2020,393.75,395.0,1065.50,593.75,4122.00
10/08/2020,390.50,387.0,1050.00,595.25,4130.00
10/07/2020,391.00,388.75,1051.00,607.50,4078.00
10/06/2020,392.50,385.0,1044.00,592.75,4168.00
10/05/2020,389.75,379.5,1021.50,584.25,4222.00
10/01/2020,389.25,382.75,1023.50,570.25,4246.00
09/30/2020,385.00,379.0,1023.50,578.00,4228.00
09/29/2020,380.75,364.75,993.00,549.50,4234.00
09/28/2020,384.00,366.75,996.25,550.25,4238.00
09/25/2020,384.50,365.25,1002.50,544.25,4218.00
09/24/2020,380.75,363.5,1000.00,549.75,4182.00
09/23/2020,386.25,368.5,1014.50,549.00,4174.00
09/22/2020,391.00,369.25,1019.75,558.00,4184.00
09/21/2020,391.00,369.75,1022.50,554.75,4214.00
09/18/2020,395.00,378.5,1043.50,575.00,4120.00
09/17/2020,392.50,375.25,1028.50,556.25,4152.00
09/16/2020,393.25,371.75,1011.25,542.00,4120.00
09/15/2020,387.50,366.0,991.50,538.25,4102.00
09/14/2020,384.25,357.5,1019.25,548.50,4032.00
09/11/2020,382.25,365.0,1005.50,533.75,4046.00
09/10/2020,379.00,357.25,985.00,540.00,4020.00
09/09/2020,381.75,350.0,979.75,534.00,4002.00
09/08/2020,383.75,351.0,973.00,533.25,3982.00
09/04/2020,384.50,347.25,969.50,539.75,4002.00
09/03/2020,384.00,344.5,968.75,543.25,4030.00
09/02/2020,383.75,349.75,962.50,547.75,4026.00
09/01/2020,382.25,349.5,955.00,555.75,4034.00
08/31/2020,383.00,348.5,951.25,544.25,4054.00
08/28/2020,382.25,346.0,950.50,539.25,4018.00
08/27/2020,384.50,344.25,937.25,542.50,4026.00
08/26/2020,383.50,340.5,919.50,532.00,4076.00
08/25/2020,381.25,340.75,913.75,527.25,4058.00
08/24/2020,379.75,331.75,899.75,520.75,3996.00
08/21/2020,379.75,327.0,900.75,527.25,3978.00
08/20/2020,379.50,324.5,903.00,519.50,4092.00
08/19/2020,379.75,325.0,912.50,512.00,3980.00
08/18/2020,381.75,327.0,912.00,507.50,3952.00
08/17/2020,377.75,331.0,912.50,516.50,3952.00
08/14/2020,376.00,324.5,903.50,500.00,3922.00
08/13/2020,377.50,325.25,907.25,496.75,3912.00
08/12/2020,376.50,314.5,890.50,491.25,3940.00
08/11/2020,373.50,311.5,878.00,495.00,3926.00
08/10/2020,375.00,310.5,876.50,491.00,3940.00
08/07/2020,377.25,307.75,870.25,495.50,3972.00
08/06/2020,379.50,311.25,880.75,501.25,3974.00
08/05/2020,379.25,311.0,882.00,510.75,3948.00
08/04/2020,382.00,308.25,883.75,508.25,3962.00
08/03/2020,384.00,317.5,897.50,521.00,3978.00
07/31/2020,378.75,316.0,897.50,531.25,3966.00
07/30/2020,378.75,315.75,891.75,529.50,3980.00
07/29/2020,380.00,315.5,891.50,532.75,3944.00
07/28/2020,384.50,320.0,896.75,523.50,3974.00
07/27/2020,382.25,325.0,906.50,527.75,3994.00
07/24/2020,377.50,326.25,904.75,539.50,4004.00
07/23/2020,379.75,328.0,906.25,529.50,4008.00
07/22/2020,379.75,327.5,899.25,534.50,3988.00
07/21/2020,382.25,322.75,896.50,527.75,3990.00
07/20/2020,383.50,328.25,903.00,522.00,4006.00
07/17/2020,384.00,333.0,898.00,534.75,4044.00
07/16/2020,382.50,330.25,893.50,535.25,3960.00
07/15/2020,385.25,326.25,886.25,550.75,3960.00
07/14/2020,381.75,334.75,882.25,524.75,3960.00
07/13/2020,381.75,334.0,876.50,524.75,3952.00
07/10/2020,383.25,340.5,891.50,535.75,3948.00
07/09/2020,385.25,351.25,898.25,526.25,3962.00
07/08/2020,385.00,348.25,894.75,517.50,3996.00
07/07/2020,381.75,345.0,895.25,492.25,4012.00
07/06/2020,379.25,346.5,898.50,489.50,3984.00
07/02/2020,378.00,342.5,892.50,490.00,3926.00
07/01/2020,377.25,348.25,893.75,498.75,3910.00
06/30/2020,378.00,338.5,884.25,490.00,3874.00
06/29/2020,375.50,326.25,866.50,485.50,3888.00
06/26/2020,374.25,317.0,865.00,474.00,3940.00
06/25/2020,374.75,317.25,869.25,486.75,3952.00
06/24/2020,377.00,324.25,870.75,481.25,3910.00
06/23/2020,381.25,325.0,875.00,486.00,3906.00
06/22/2020,382.50,328.25,876.25,485.00,3880.00
06/19/2020,380.25,332.5,876.50,481.25,3798.00
06/18/2020,377.00,331.0,873.00,483.50,3798.00
06/17/2020,375.50,330.25,871.25,488.75,3804.00
06/16/2020,376.50,329.0,867.00,496.00,3800.00
06/15/2020,375.75,329.25,869.00,504.75,3780.00
06/12/2020,377.75,330.0,871.25,502.00,3782.00
06/11/2020,375.50,329.75,866.00,499.25,3786.00
06/10/2020,378.25,326.25,865.50,506.25,3728.00
06/09/2020,378.75,327.5,863.25,504.50,3702.00
06/08/2020,378.75,333.75,864.75,511.50,3730.00
06/05/2020,375.00,331.25,867.75,515.25,3674.00
06/04/2020,373.00,329.0,867.75,523.75,3652.00
06/03/2020,374.25,324.0,857.50,512.00,3682.00
06/02/2020,373.00,324.25,850.50,508.00,3590.00
06/01/2020,371.00,323.25,840.50,515.25,3584.00
05/29/2020,369.75,325.75,840.75,520.75,3572.00
05/28/2020,369.25,327.5,847.00,514.50,3594.00
05/27/2020,374.50,320.5,848.50,504.50,3558.00
05/26/2020,375.00,319.0,847.00,506.75,3580.00
05/22/2020,375.50,318.0,833.25,508.75,3542.00
05/21/2020,374.50,317.75,835.00,516.00,3556.00
05/20/2020,376.25,319.5,846.75,513.75,3572.00
05/19/2020,373.75,321.25,842.50,498.75,3630.00
05/18/2020,374.00,320.75,845.00,497.00,3638.00
05/15/2020,370.00,319.25,838.50,500.25,3648.00
05/14/2020,370.00,320.25,835.25,510.50,3650.00
05/13/2020,366.50,320.25,836.00,510.50,3612.00
05/12/2020,370.00,323.75,849.25,521.75,3618.00
05/11/2020,370.50,318.5,852.25,524.75,3644.00
05/08/2020,372.75,319.0,848.75,529.50,3660.00
05/07/2020,374.25,316.0,841.50,529.00,3714.00
05/06/2020,370.50,311.75,830.50,524.75,3658.00
05/05/2020,369.75,313.0,838.25,525.50,3698.00
05/04/2020,365.00,310.75,834.00,524.25,3632.00
04/30/2020,373.00,311.5,850.25,529.75,3754.00
04/29/2020,379.50,304.5,831.75,519.50,3770.00
04/28/2020,374.75,302.75,826.00,526.75,3820.00
04/27/2020,367.75,305.5,829.00,521.00,3822.00
04/24/2020,368.75,315.75,832.25,526.75,3830.00
04/23/2020,370.25,319.25,839.25,547.00,3888.00
04/22/2020,366.25,317.5,834.75,543.00,3848.00
04/21/2020,366.75,309.25,830.75,546.75,3880.00
04/20/2020,372.25,314.25,826.50,548.75,3984.00
04/17/2020,372.00,322.25,832.50,533.50,4092.00
04/16/2020,371.00,319.75,836.75,529.75,4244.00
04/15/2020,369.00,319.25,842.00,540.25,4116.00
04/09/2020,371.75,331.75,863.50,556.50,4026.00
04/08/2020,371.00,330.0,854.50,548.25,4006.00
04/07/2020,370.00,331.5,854.75,549.25,3982.00
04/03/2020,363.75,330.75,854.25,549.25,3970.00
04/01/2020,357.75,334.75,862.75,550.25,4008.00
03/31/2020,359.00,340.75,886.00,568.75,4044.00
03/30/2020,360.75,341.25,882.25,569.50,4104.00
03/27/2020,356.50,346.0,881.50,571.25,4130.00
03/26/2020,352.00,348.75,880.25,569.00,4062.00
03/25/2020,350.00,348.5,881.50,580.00,4042.00
03/24/2020,343.00,347.25,886.75,561.50,3888.00
03/23/2020,348.75,343.5,884.00,562.50,3824.00
03/20/2020,349.00,343.75,862.50,539.25,3670.00
03/19/2020,350.00,345.5,843.25,535.00,3678.00
03/18/2020,344.25,335.25,825.50,508.25,3708.00
03/17/2020,344.25,344.0,824.25,499.25,3642.00
03/16/2020,335.50,354.75,821.75,498.00,3746.00
03/13/2020,352.50,370.75,846.75,514.75,3840.00
03/12/2020,356.75,369.75,855.00,508.25,3852.00
03/11/2020,367.75,379.25,867.75,517.25,3866.00
03/09/2020,368.00,374.25,863.50,522.25,3766.00
03/06/2020,377.75,377.25,883.25,521.25,3854.00
03/05/2020,382.00,384.5,889.00,524.25,3818.00
03/04/2020,384.25,387.0,898.75,521.50,3776.00
03/03/2020,385.25,381.75,893.00,528.75,3746.00
03/02/2020,383.00,374.75,890.50,526.25,3714.00
02/28/2020,380.25,366.5,883.50,529.00,3752.00
02/27/2020,387.25,364.5,886.25,529.25,3746.00
02/26/2020,392.00,370.5,881.00,540.25,3712.00
02/25/2020,390.75,372.5,879.00,539.00,3790.00
02/24/2020,392.50,372.25,874.25,536.25,3762.00
02/20/2020,401.25,378.5,892.75,560.00,3900.00
02/19/2020,401.50,380.5,897.25,565.25,3900.00
02/18/2020,402.75,383.0,892.25,566.75,3886.00
02/14/2020,399.50,377.75,893.75,542.75,3926.00
02/13/2020,399.25,379.5,896.25,544.25,3858.00
02/12/2020,397.25,383.0,892.50,547.50,3858.00
02/11/2020,390.50,379.75,884.75,542.00,3838.00
02/10/2020,390.75,381.75,884.25,552.00,3844.00
02/07/2020,392.25,383.5,882.00,558.75,3874.00
02/06/2020,394.25,379.25,881.00,556.25,3882.00
02/05/2020,393.75,380.75,880.00,562.00,3900.00
02/04/2020,391.75,382.25,879.50,557.25,3856.00
02/03/2020,387.25,378.75,877.00,555.50,3892.00
01/31/2020,395.50,381.25,872.50,553.75,3938.00
01/30/2020,395.50,379.5,876.25,560.50,3940.00
01/29/2020,403.00,384.25,893.00,562.25,3982.00
01/28/2020,404.50,386.5,895.00,569.75,4002.00
01/27/2020,403.50,380.5,897.25,572.25,4002.00
01/24/2020,406.25,387.25,902.00,573.50,4078.00
01/23/2020,407.00,393.75,909.50,580.50,4072.00
01/22/2020,409.75,388.75,913.75,577.75,4102.00
01/21/2020,410.00,387.5,916.00,581.50,4142.00
01/17/2020,407.50,389.25,929.75,570.50,4118.00
01/16/2020,404.25,375.5,924.00,565.25,4106.00
01/15/2020,409.00,387.5,928.75,573.25,4126.00
01/14/2020,417.50,389.0,928.50,568.50,4106.00
01/13/2020,420.50,389.5,929.25,562.25,4116.00
01/10/2020,421.50,385.75,935.00,564.50,4162.00
01/09/2020,420.00,383.25,933.75,562.25,4192.00
01/08/2020,417.25,384.25,938.25,552.75,4200.00
01/07/2020,416.50,384.5,935.00,550.25,4200.00
01/06/2020,415.50,384.75,932.75,550.00,4228.00
01/03/2020,415.25,386.5,930.50,554.50,4210.00
01/02/2020,413.25,391.5,944.25,560.25,4216.00
12/31/2019,411.50,387.75,943.00,558.75,4190.00
12/30/2019,412.75,388.25,939.50,556.00,4240.00
12/27/2019,412.75,390.0,929.50,556.25,4218.00
12/24/2019,409.00,387.5,936.50,541.00,4278.00
12/23/2019,409.00,388.75,934.00,539.50,4364.00
12/20/2019,408.25,387.75,928.25,542.25,4324.00
12/19/2019,409.75,386.5,924.50,545.25,4358.00
12/18/2019,407.50,387.0,928.50,548.25,4314.00
12/17/2019,406.50,390.0,928.75,556.25,4254.00
12/16/2019,403.50,388.0,922.00,549.75,4244.00
12/13/2019,400.00,366.25,907.50,539.25,4232.00
12/12/2019,399.25,367.0,898.25,539.25,4248.00
12/11/2019,396.50,357.75,893.50,530.75,4194.00
12/10/2019,397.75,363.25,901.25,534.75,4148.00
12/09/2019,398.75,365.75,897.25,532.00,4190.00
12/06/2019,397.00,366.5,889.50,532.50,4168.00
12/05/2019,394.50,365.5,884.25,532.00,4112.00
12/04/2019,392.25,368.75,878.00,535.00,4034.00
12/03/2019,389.25,372.0,871.00,530.50,3982.00
12/02/2019,388.25,373.5,870.50,543.25,4026.00
11/29/2019,389.75,371.25,876.75,547.50,4074.00
11/27/2019,387.75,362.75,882.00,528.50,4186.00
11/26/2019,385.75,367.5,884.25,530.25,4184.00
11/25/2019,389.00,370.5,892.50,531.00,4240.00
11/22/2019,389.00,368.75,897.00,515.25,4226.00
11/21/2019,390.00,368.5,901.00,509.00,4256.00
11/20/2019,391.75,366.75,905.00,515.50,4378.00
11/19/2019,392.00,370.0,911.50,512.00,4360.00
11/18/2019,390.00,367.75,910.25,507.25,4322.00
11/15/2019,389.25,371.25,918.25,502.75,4420.00
11/14/2019,389.25,375.75,900.25,507.75,4416.00
11/13/2019,390.00,375.25,902.50,509.00,4458.00
11/11/2019,392.25,373.25,905.00,505.75,4416.00
11/08/2019,389.75,377.25,919.50,510.25,4398.00
11/07/2019,388.00,375.25,925.00,512.50,4310.00
11/06/2019,388.50,378.75,915.00,516.75,4272.00
11/05/2019,385.75,381.75,921.75,515.25,4450.00
11/04/2019,386.00,383.25,925.75,509.75,4500.00
11/01/2019,382.25,389.25,924.25,516.00,4464.00
10/31/2019,383.50,390.0,916.75,508.75,4482.00
10/30/2019,387.25,390.75,916.00,509.25,4506.00
10/29/2019,384.50,386.25,918.25,511.50,4470.00
10/25/2019,380.25,386.75,920.25,517.75,4506.00
10/24/2019,379.50,386.75,933.25,516.00,4456.00
10/23/2019,377.75,387.75,933.75,520.75,4488.00
10/22/2019,376.00,388.0,934.00,518.00,4442.00
10/18/2019,377.75,391.0,934.00,532.25,4436.00
10/17/2019,380.75,394.75,931.50,525.50,4378.00
10/16/2019,382.75,391.75,928.00,513.25,4358.00
10/15/2019,383.75,393.25,934.00,507.00,4346.00
10/14/2019,382.50,397.75,940.50,511.00,4302.00
10/11/2019,383.75,397.75,936.00,508.00,4286.00
10/10/2019,383.50,380.25,923.50,493.00,4260.00
10/09/2019,386.75,394.25,923.75,500.25,4350.00
10/07/2019,387.00,387.0,915.25,489.25,4450.00
10/04/2019,386.00,384.75,916.25,490.50,4280.00
10/03/2019,386.00,388.75,911.75,488.75,4454.00
10/01/2019,386.00,392.5,919.50,498.75,4638.00
09/30/2019,387.00,388.0,906.00,495.75,4932.00
09/27/2019,385.75,371.5,883.00,487.25,5136.00
09/26/2019,387.25,372.5,888.50,484.25,5348.00
09/25/2019,385.75,374.25,889.25,477.25,5570.00
09/24/2019,386.25,374.75,894.25,481.75,5802.00
09/23/2019,386.75,373.25,892.50,483.00,5804.00
09/20/2019,387.25,370.75,882.75,484.25,5804.00
09/19/2019,387.00,372.75,893.00,488.00,5820.00
09/18/2019,384.75,371.25,888.75,489.50,5738.00
09/17/2019,386.00,368.0,893.75,484.25,5752.00
09/16/2019,388.00,374.0,900.00,488.75,5752.00
09/13/2019,383.50,355.5,884.75,485.75,5752.00
09/12/2019,382.75,354.5,883.00,485.75,5730.00
09/11/2019,381.50,348.25,854.00,477.50,5704.00
09/09/2019,382.75,340.75,845.00,474.50,5714.00
09/06/2019,382.75,342.5,845.00,460.25,5732.00
09/05/2019,383.25,346.5,849.75,464.00,5752.00
09/04/2019,383.25,346.0,862.50,456.25,5730.00
09/03/2019,381.00,349.75,856.50,447.25,5738.00
08/30/2019,381.50,358.0,857.00,451.25,5760.00
08/29/2019,380.00,359.75,856.25,469.75,5740.00
08/28/2019,379.75,362.75,852.75,472.25,5756.00
08/27/2019,379.00,357.0,846.25,473.75,5750.00
08/26/2019,378.50,358.5,853.75,473.00,5768.00
08/23/2019,376.00,359.75,843.25,475.25,5700.00
08/22/2019,379.25,363.25,856.00,467.25,5636.00
08/21/2019,381.00,362.5,860.50,462.50,5638.00
08/20/2019,380.75,359.5,855.75,460.00,5558.00
08/19/2019,378.50,365.0,854.00,465.50,5582.00
08/16/2019,380.00,371.0,867.25,470.75,5604.00
08/14/2019,377.00,359.0,861.00,473.75,5598.00
08/13/2019,375.50,366.0,872.00,472.00,5574.00
08/09/2019,374.25,410.25,873.75,499.50,5616.00
08/08/2019,375.75,411.0,865.00,498.50,5600.00
08/07/2019,373.75,406.5,848.75,488.25,5546.00
08/06/2019,373.50,404.0,847.75,484.00,5550.00
08/05/2019,372.50,405.25,850.25,494.50,5556.00
08/02/2019,374.50,399.5,850.25,490.75,5602.00
08/01/2019,376.25,392.75,847.00,475.75,5610.00
07/31/2019,369.50,400.25,864.00,487.25,5666.00
07/30/2019,371.25,411.25,878.75,497.25,5540.00
07/29/2019,376.25,417.0,885.75,503.50,5556.00
07/26/2019,379.75,414.5,883.25,496.00,5554.00
07/25/2019,380.00,418.5,882.50,499.50,5554.00
07/24/2019,376.75,424.0,891.00,497.75,5522.00
07/23/2019,376.75,425.5,885.75,487.25,5548.00
07/22/2019,374.25,422.25,888.25,487.25,5532.00
07/19/2019,374.00,430.75,901.50,502.50,5516.00
07/18/2019,372.00,424.5,881.25,493.50,5552.00
07/17/2019,374.50,436.0,882.50,505.50,5554.00
07/16/2019,373.00,435.25,887.75,507.50,5564.00
07/15/2019,370.50,441.0,901.75,507.75,5622.00
07/12/2019,370.25,449.5,906.75,536.25,5628.00
07/11/2019,369.75,447.75,896.25,536.25,5620.00
07/10/2019,369.50,434.25,893.00,511.75,5594.00
07/09/2019,368.00,431.75,882.75,509.75,5632.00
07/08/2019,364.50,438.5,875.25,516.75,5554.00
07/05/2019,363.00,434.0,872.25,519.25,5580.00
07/03/2019,364.25,433.0,885.25,518.00,5574.00
07/02/2019,361.25,413.5,876.25,503.50,5564.00
07/01/2019,363.75,412.0,885.50,514.00,5626.00
06/28/2019,364.25,420.25,899.75,528.00,5484.00
06/27/2019,365.00,440.0,887.75,547.50,5464.00
06/26/2019,365.50,443.25,894.25,543.75,5518.00
06/25/2019,366.25,447.5,903.50,535.75,5520.00
06/24/2019,367.50,446.75,909.00,538.00,5392.00
06/21/2019,368.75,442.25,902.75,526.00,5386.00
06/20/2019,370.00,450.0,915.50,526.50,5378.00
06/19/2019,369.75,441.0,903.25,522.25,5328.00
06/18/2019,371.75,449.75,913.50,531.50,5308.00
06/17/2019,372.25,454.75,912.75,539.50,5328.00
06/14/2019,369.25,453.0,896.75,538.50,5432.00
06/13/2019,367.50,442.0,888.00,535.50,5408.00
06/12/2019,365.50,430.0,878.00,526.25,5418.00
06/11/2019,366.75,427.75,859.25,518.00,5268.00
06/10/2019,367.75,415.75,858.50,507.50,5280.00
06/07/2019,367.00,415.75,856.25,504.50,5398.00
06/06/2019,367.50,420.5,868.75,510.00,5390.00
06/04/2019,369.75,425.25,881.75,507.25,5478.00
06/03/2019,370.50,424.25,879.00,519.75,5578.00
05/31/2019,370.25,427.0,877.75,503.00,5702.00
05/30/2019,372.00,436.25,889.00,514.50,5728.00
05/29/2019,371.00,418.75,872.00,490.50,5618.00
05/28/2019,369.50,420.25,856.00,504.75,5584.00
05/24/2019,365.75,404.25,829.75,489.50,5802.00
05/23/2019,365.25,389.75,821.50,470.25,5812.00
05/22/2019,365.75,394.5,828.50,472.75,5774.00
05/21/2019,365.00,394.25,822.00,478.75,5736.00
05/20/2019,364.00,389.0,831.75,478.25,5596.00
05/17/2019,362.75,383.25,821.75,465.00,5688.00
05/16/2019,364.25,379.0,839.75,467.00,5732.00
05/15/2019,363.00,369.5,835.50,448.75,5650.00
05/14/2019,361.25,360.5,817.75,439.25,5670.00
05/13/2019,358.50,347.5,791.00,431.25,5698.00
05/10/2019,360.75,342.5,797.00,419.00,5654.00
05/09/2019,362.50,344.5,800.25,421.75,5666.00
05/08/2019,364.00,355.25,814.25,431.25,5620.00
05/07/2019,363.75,358.0,817.75,430.50,5678.00
05/06/2019,363.00,355.75,817.50,428.00,5630.00
05/03/2019,365.00,363.0,829.50,428.00,5578.00
05/02/2019,366.25,362.0,830.50,433.25,5670.00
04/30/2019,370.00,353.25,841.25,418.50,5522.00
04/26/2019,370.00,351.25,853.75,435.00,5650.00
04/25/2019,365.25,347.5,859.25,434.75,5780.00
04/24/2019,363.00,346.75,855.25,432.25,5802.00
04/23/2019,363.75,351.25,862.00,438.75,5654.00
04/18/2019,363.50,358.5,880.50,444.25,5756.00
04/16/2019,359.75,359.0,888.00,445.00,5898.00
04/15/2019,361.25,362.75,898.75,459.50,5852.00
04/12/2019,361.75,361.0,895.25,464.50,6008.00
04/11/2019,360.75,360.0,895.25,460.50,6030.00
04/10/2019,360.75,361.75,902.00,458.00,5950.00
04/09/2019,359.00,360.0,898.75,459.50,5722.00
04/08/2019,360.75,360.0,898.75,465.25,5740.00
04/05/2019,361.50,362.5,899.00,467.75,5632.00
04/04/2019,362.50,365.25,906.50,470.75,5594.00
04/03/2019,361.50,362.75,898.75,471.00,5582.00
04/02/2019,361.50,361.5,900.00,464.00,5472.00
04/01/2019,359.50,361.75,895.50,462.75,5262.00
03/29/2019,357.50,356.5,884.25,457.75,5278.00
03/28/2019,357.75,374.0,889.50,464.50,5296.00
03/27/2019,358.25,373.75,887.50,469.50,5286.00
03/26/2019,360.00,377.25,900.75,469.25,5276.00
03/25/2019,359.00,379.75,906.50,469.50,5258.00
03/22/2019,357.75,378.25,903.75,466.00,5296.00
03/20/2019,358.50,371.5,906.00,464.75,5332.00
03/19/2019,356.00,371.25,904.00,456.50,5292.00
03/18/2019,354.50,371.5,905.75,456.75,5260.00
03/15/2019,355.50,373.25,909.25,462.25,5242.00
03/14/2019,356.75,361.5,889.50,452.25,5326.00
03/13/2019,359.50,357.25,889.00,440.25,5294.00
03/12/2019,360.00,356.5,884.75,446.25,5272.00
03/11/2019,359.00,352.5,877.75,422.25,5272.00
03/08/2019,358.25,354.75,883.75,432.75,5262.00
03/07/2019,357.50,356.0,890.75,431.50,5186.00
03/06/2019,357.50,362.5,889.75,440.50,5154.00
03/05/2019,353.00,366.0,901.25,454.25,5200.00
03/01/2019,355.50,364.0,899.25,454.00,5248.00
02/28/2019,358.25,362.0,897.50,452.50,5240.00
02/27/2019,359.25,363.75,903.50,461.00,5282.00
02/26/2019,357.50,366.25,903.75,460.25,5284.00
02/25/2019,360.00,370.5,911.75,466.75,5264.00
02/22/2019,361.25,375.25,910.25,486.75,5252.00
02/21/2019,361.75,375.5,911.00,486.50,5322.00
02/20/2019,360.00,370.75,902.50,480.75,5264.00
02/19/2019,363.25,369.75,900.75,489.75,5224.00
02/18/2019,363.50,375.0,907.50,503.75,5224.00
02/15/2019,364.00,374.75,907.50,504.25,5352.00
02/14/2019,364.75,374.75,903.50,507.00,5254.00
02/13/2019,368.00,378.75,916.50,522.25,5130.00
02/12/2019,370.00,378.25,917.50,520.00,5088.00
02/11/2019,370.50,372.75,905.00,518.25,5082.00
02/08/2019,372.00,374.25,914.50,517.25,5100.00
02/07/2019,373.00,376.5,913.25,513.25,5062.00
02/06/2019,372.50,380.0,921.75,526.00,5002.00
02/05/2019,371.50,380.75,920.25,527.25,5076.00
02/04/2019,370.50,379.25,918.50,525.75,5096.00
02/01/2019,372.25,378.25,917.75,524.25,5124.00
01/31/2019,375.00,376.5,915.25,516.50,5142.00
01/30/2019,380.25,381.25,921.00,516.75,5118.00
01/29/2019,378.75,377.25,919.00,513.25,5096.00
01/28/2019,377.00,379.75,923.25,518.75,5088.00
01/25/2019,377.25,380.25,925.25,520.00,5154.00
01/24/2019,375.25,377.0,916.00,521.50,5190.00
01/23/2019,374.25,378.75,915.00,526.00,5258.00
01/22/2019,371.75,379.0,909.25,521.25,5224.00
01/18/2019,369.75,381.75,916.75,517.75,5100.00
01/17/2019,368.50,380.0,907.75,517.75,5156.00
01/16/2019,369.25,374.0,894.50,512.50,5176.00
01/15/2019,368.75,371.25,893.25,511.00,5226.00
01/14/2019,367.25,378.5,890.75,514.25,5240.00
01/11/2019,368.50,378.25,899.25,519.50,5176.00
01/10/2019,367.50,376.25,895.50,513.75,5188.00
01/09/2019,367.25,382.0,911.50,520.00,5252.00
01/08/2019,368.50,380.0,906.25,517.75,5244.00
01/07/2019,367.00,382.25,912.25,516.75,5350.00
01/04/2019,367.00,383.0,909.50,517.00,5272.00
01/03/2019,365.75,379.75,900.25,513.75,5224.00
01/02/2019,364.50,375.75,894.75,506.75,5172.00
12/31/2018,364.50,375.0,882.50,503.25,5260.00
12/28/2018,362.75,375.5,882.75,511.50,5128.00
12/27/2018,361.00,374.5,869.00,510.50,5046.00
12/24/2018,362.75,377.75,884.00,516.50,4942.00
12/21/2018,364.00,378.5,884.75,514.00,5142.00
12/20/2018,365.00,375.25,893.50,523.50,5120.00
12/19/2018,366.75,381.75,900.00,522.50,5108.00
12/18/2018,367.75,385.5,907.75,532.75,5176.00
12/17/2018,368.00,384.0,904.75,535.25,5406.00
12/14/2018,369.50,376.75,900.50,527.75,5380.00
12/13/2018,369.50,375.5,907.00,527.75,5388.00
12/12/2018,369.50,376.25,920.00,515.25,5436.00
12/11/2018,369.00,375.0,915.00,509.75,5456.00
12/10/2018,370.50,374.25,909.75,514.75,5492.00
12/07/2018,372.25,374.0,916.75,519.50,5474.00
12/06/2018,371.00,372.0,909.50,505.25,5450.00
12/05/2018,372.25,374.25,913.50,514.50,5542.00
12/04/2018,372.75,374.25,911.75,519.25,5692.00
12/03/2018,370.00,371.25,905.75,515.75,5560.00
11/30/2018,370.50,366.5,894.75,515.75,5348.00
11/29/2018,369.50,360.25,887.25,496.50,5296.00
11/28/2018,370.25,360.5,890.50,497.50,5516.00
11/27/2018,368.75,356.5,875.50,498.00,5566.00
11/26/2018,366.75,356.0,862.25,507.50,5540.00
11/22/2018,370.25,361.25,884.50,498.00,5642.00
11/21/2018,369.50,361.75,883.00,498.75,5622.00
11/20/2018,369.25,361.25,881.00,500.75,5594.00
11/19/2018,370.00,362.25,873.75,498.50,5780.00
11/16/2018,373.00,364.75,892.25,506.75,6020.00
11/15/2018,377.00,367.5,888.75,505.50,6270.00
11/14/2018,376.00,367.0,870.50,503.00,6176.00
11/13/2018,377.75,366.5,867.25,507.75,6184.00
11/12/2018,380.00,371.25,871.75,519.75,6000.00
11/09/2018,380.00,369.75,875.25,502.00,5842.00
11/07/2018,377.00,372.25,867.75,510.25,5840.00
11/06/2018,374.00,373.25,872.00,512.00,5864.00
11/05/2018,374.75,374.0,873.00,507.25,5904.00
11/02/2018,375.75,371.25,875.25,508.75,5678.00
11/01/2018,377.50,366.75,869.00,508.00,5720.00
10/31/2018,368.00,363.25,839.00,500.50,5734.00
10/30/2018,367.25,364.75,833.50,499.75,5710.00
10/29/2018,371.75,366.75,839.00,507.25,5634.00
10/26/2018,374.00,367.75,845.00,505.25,5486.00
10/25/2018,372.50,361.0,841.75,487.25,5466.00
10/24/2018,372.25,368.25,850.25,499.50,5384.00
10/23/2018,371.75,370.25,857.50,509.00,5376.00
10/22/2018,373.25,369.5,858.50,508.00,5372.00
10/19/2018,373.25,367.0,856.75,514.75,5266.00
10/17/2018,373.75,374.25,885.75,517.50,5174.00
10/16/2018,373.00,375.25,884.75,523.50,5030.00
10/15/2018,371.00,378.25,891.50,525.00,4956.00
10/12/2018,371.50,373.75,867.50,517.25,4866.00
10/11/2018,372.00,369.25,858.25,508.00,4872.00
10/10/2018,370.75,362.75,852.25,510.50,4808.00
10/09/2018,373.75,364.5,863.00,515.00,4726.00
10/08/2018,375.00,366.5,869.75,514.00,4714.00
10/05/2018,376.75,368.25,869.00,521.00,4654.00
10/04/2018,377.00,367.5,859.25,518.00,4594.00
10/03/2018,374.75,364.75,861.50,515.25,4650.00
10/01/2018,375.00,365.75,857.75,509.50,4652.00
09/28/2018,372.50,356.25,845.50,509.00,4672.00
09/27/2018,372.25,364.75,855.00,513.00,4665.00
09/26/2018,371.25,363.0,850.00,517.50,4676.00
09/25/2018,367.25,363.75,845.75,520.75,4681.00
09/24/2018,362.50,360.5,841.00,527.00,4729.00
09/21/2018,362.50,357.25,847.25,521.75,4758.00
09/19/2018,363.75,345.75,830.00,522.50,4719.00
09/18/2018,365.75,343.25,814.00,510.50,4640.00
09/17/2018,368.00,348.0,823.50,506.25,4585.00
09/14/2018,370.00,337.0,830.50,480.00,4603.00
09/12/2018,368.00,341.5,829.00,481.75,4635.00
09/11/2018,372.00,355.25,820.25,493.75,4603.00
09/10/2018,374.75,355.5,833.50,504.00,4612.00
09/07/2018,372.25,354.25,832.00,486.25,4629.00
09/06/2018,372.25,353.5,826.75,486.00,4667.00
09/05/2018,375.25,351.75,825.50,493.75,4667.00
09/04/2018,375.75,354.5,832.00,502.75,4696.00
09/03/2018,374.75,365.75,846.00,538.75,4726.00
08/31/2018,375.00,351.0,833.00,518.50,4659.00
08/30/2018,374.25,341.0,819.50,508.00,4613.00
08/29/2018,373.25,341.25,823.25,515.75,4596.00
08/28/2018,371.25,341.0,820.50,498.25,4604.00
08/27/2018,372.00,346.75,834.75,499.25,4591.00
08/24/2018,374.50,348.5,842.00,514.75,4670.00
08/23/2018,374.75,346.75,842.00,522.00,4755.00
08/21/2018,380.50,359.75,874.50,527.25,4715.00
08/20/2018,384.25,362.0,881.75,542.25,4627.00
08/17/2018,383.75,364.25,881.50,560.50,4624.00
08/16/2018,383.00,365.25,885.50,542.25,4643.00
08/14/2018,381.50,362.25,864.50,541.75,4554.00
08/13/2018,378.50,356.5,853.50,533.50,4546.00
08/10/2018,382.25,357.75,846.00,546.75,4660.00
08/09/2018,382.75,369.25,887.75,564.50,4639.00
08/08/2018,384.00,371.25,893.75,570.00,4679.00
08/07/2018,383.25,370.75,889.25,568.25,4643.00
08/06/2018,382.75,371.0,877.25,574.50,4599.00
08/03/2018,379.75,369.75,886.25,556.25,4721.00
08/02/2018,381.00,366.75,882.50,560.50,4708.00
08/01/2018,379.50,365.0,886.75,558.25,4614.00
07/31/2018,375.00,372.25,903.75,553.75,4656.00
07/30/2018,368.75,367.25,875.00,546.50,4643.00
07/27/2018,368.50,362.0,870.50,530.50,4642.00
07/26/2018,369.25,361.5,861.25,536.50,4516.00
07/25/2018,366.00,359.25,860.75,542.75,4465.00
07/24/2018,360.75,352.0,858.00,510.25,4514.00
07/23/2018,361.00,357.25,847.75,513.75,4551.00
07/20/2018,360.00,355.25,849.75,516.00,4558.00
07/19/2018,360.50,351.25,846.00,504.25,4496.00
07/18/2018,360.50,347.25,842.25,494.50,4490.00
07/17/2018,360.25,346.25,839.50,497.75,4441.00
07/16/2018,360.00,341.75,829.50,488.50,4480.00
07/13/2018,359.75,330.25,814.00,481.50,4477.00
07/12/2018,358.75,336.5,830.00,482.50,4529.00
07/11/2018,355.75,331.25,829.75,469.75,4501.00
07/10/2018,358.50,339.75,852.25,489.50,4476.00
07/09/2018,358.25,345.75,851.75,507.75,4521.00
07/06/2018,361.75,351.75,874.00,512.75,4363.00
07/05/2018,362.50,343.5,835.50,504.00,4340.00
07/03/2018,359.75,342.75,844.00,491.50,4190.00
07/02/2018,359.25,337.5,848.50,480.25,4189.00
06/29/2018,358.25,350.25,858.50,497.50,4193.00
06/28/2018,359.50,345.0,861.25,479.50,4172.00
06/27/2018,356.75,352.5,867.50,479.50,4179.00
06/26/2018,351.50,352.5,867.25,469.50,4147.00
06/25/2018,349.50,350.5,874.50,476.75,4133.00
06/22/2018,352.75,357.25,894.50,491.25,4141.00
06/21/2018,353.25,357.0,880.50,495.25,4154.00
06/20/2018,349.75,354.25,889.50,488.25,4060.00
06/19/2018,347.50,353.75,889.00,477.75,4050.00
06/18/2018,348.75,356.0,908.50,490.00,4095.00
06/15/2018,349.50,361.25,905.50,499.50,4049.00
06/14/2018,351.75,363.0,927.25,501.50,4001.00
06/13/2018,349.50,376.0,936.00,516.50,3941.00
06/12/2018,351.25,377.5,954.00,534.50,3846.00
06/11/2018,351.25,367.25,953.75,514.50,3851.00
06/08/2018,353.75,377.75,969.25,520.00,3926.00
06/07/2018,355.75,376.25,974.25,526.75,3929.00
06/06/2018,356.00,378.25,994.25,519.75,3929.00
06/05/2018,356.50,383.75,1001.25,510.00,3915.00
06/04/2018,355.50,380.75,1001.75,505.25,3919.00
06/01/2018,358.50,391.5,1021.25,523.25,3972.00
05/31/2018,357.75,394.0,1018.50,526.25,3920.00
05/30/2018,360.75,393.5,1023.00,522.00,3907.00
05/29/2018,364.25,400.0,1030.50,536.50,3955.00
05/28/2018,362.50,408.75,1045.75,548.00,3979.00
05/25/2018,363.25,406.0,1041.50,543.00,4002.00
05/24/2018,363.00,404.25,1035.75,530.25,4018.00
05/23/2018,359.25,408.5,1039.25,531.00,4053.00
05/22/2018,358.25,404.75,1030.50,521.50,4067.00
05/21/2018,356.25,402.75,1025.25,507.25,4034.00
05/18/2018,355.00,402.5,998.50,518.25,3997.00
05/17/2018,354.00,395.25,995.00,497.50,4009.00
05/16/2018,352.00,399.25,999.75,494.25,4000.00
05/15/2018,352.75,402.25,1018.75,493.50,4020.00
05/14/2018,352.25,389.0,1013.00,480.50,4047.00
05/11/2018,351.25,389.75,994.75,489.50,4029.00
05/10/2018,353.50,394.75,1013.25,507.75,3987.00
05/09/2018,352.25,394.75,1007.25,514.50,4027.00
05/08/2018,349.25,395.5,1011.25,517.75,4034.00
05/07/2018,348.25,393.25,1002.25,514.00,3977.00
05/04/2018,348.50,398.75,1027.25,527.50,3889.00
05/03/2018,349.00,399.5,1043.25,540.50,3959.00
05/02/2018,348.75,396.0,1032.75,525.75,3985.00
04/30/2018,331.75,392.5,1037.75,512.50,3997.00
04/27/2018,325.75,389.5,1045.00,495.50,4010.00
04/26/2018,334.75,386.0,1028.00,480.75,4093.00
04/25/2018,340.50,386.5,1027.50,486.25,4077.00
04/24/2018,339.00,381.25,1022.25,472.50,4093.00
04/23/2018,340.50,378.5,1020.75,461.50,4134.00
04/20/2018,340.00,376.5,1028.75,463.25,4134.00
04/19/2018,343.75,382.0,1037.25,476.75,4112.00
04/18/2018,342.50,383.0,1041.75,475.25,4094.00
04/17/2018,344.00,380.25,1046.00,466.25,4078.00
04/16/2018,342.50,382.5,1042.00,462.25,4079.00
04/13/2018,346.50,386.25,1054.25,472.50,4133.00
04/12/2018,348.00,388.75,1060.75,481.00,4138.00
04/11/2018,347.25,387.0,1047.75,487.25,4139.00
04/10/2018,349.00,389.25,1050.00,492.00,4120.00
04/09/2018,350.00,390.75,1047.00,490.75,4093.00
04/06/2018,352.50,388.5,1033.75,472.25,4119.00
04/05/2018,352.50,389.5,1031.25,464.75,4113.00
04/04/2018,350.75,381.0,1015.25,455.75,4092.00
04/03/2018,351.75,388.5,1038.00,457.50,4136.00
03/28/2018,346.25,373.5,1018.00,445.50,4134.00
03/27/2018,347.50,374.0,1019.50,449.00,4101.00
03/26/2018,345.75,374.0,1025.50,454.25,4128.00
03/23/2018,346.25,377.25,1028.25,460.25,4085.00
03/22/2018,347.00,376.0,1029.75,455.75,4110.00
03/21/2018,347.50,375.0,1029.75,453.50,4130.00
03/20/2018,346.00,374.5,1028.25,453.00,4097.00
03/19/2018,346.50,375.0,1022.50,450.75,4100.00
03/16/2018,349.50,382.75,1049.50,467.75,4169.00
03/15/2018,348.75,386.75,1040.75,478.75,4151.00
03/14/2018,346.75,383.5,1028.50,495.75,4183.00
03/13/2018,346.75,385.5,1040.50,485.50,4142.00
03/12/2018,344.75,384.25,1033.25,489.75,4099.00
03/09/2018,346.25,383.0,1029.25,489.00,4169.00
03/08/2018,350.00,385.75,1053.75,494.75,4141.00
03/07/2018,348.50,379.25,1055.00,493.00,4096.00
03/06/2018,351.75,379.75,1064.50,502.00,4083.00
03/05/2018,354.00,378.25,1066.75,502.25,4069.00
03/01/2018,357.50,378.75,1057.50,505.50,4098.00
02/28/2018,360.50,374.5,1045.00,484.50,4113.00
02/27/2018,359.50,370.5,1038.00,463.25,4063.00
02/26/2018,358.75,368.5,1034.25,459.50,4138.00
02/23/2018,356.25,366.25,1036.25,452.25,4205.00
02/22/2018,353.50,366.75,1032.00,451.25,4261.00
02/21/2018,354.50,365.75,1034.25,447.25,4236.00
02/20/2018,354.00,365.5,1026.50,449.25,4163.00
02/19/2018,352.00,367.25,1021.25,458.00,4213.00
02/16/2018,350.25,367.5,1021.50,457.75,4158.00
02/15/2018,349.50,367.75,1024.25,461.75,4071.00
02/14/2018,350.75,367.25,1017.25,455.75,4083.00
02/12/2018,352.50,367.0,1001.75,464.00,4109.00
02/09/2018,350.00,362.0,983.00,449.00,4090.00
02/08/2018,349.75,365.75,987.75,456.25,4113.00
02/07/2018,350.00,365.25,983.00,460.50,4206.00
02/06/2018,348.25,363.5,986.25,446.25,4246.00
02/05/2018,345.50,358.75,969.75,440.25,4256.00
02/02/2018,345.75,361.5,978.75,446.75,4251.00
02/01/2018,346.25,361.75,985.00,451.00,4268.00
01/31/2018,350.25,361.5,995.75,451.75,4255.00
01/30/2018,347.75,361.5,1000.25,457.25,4322.00
01/29/2018,345.75,358.75,991.50,449.25,4293.00
01/25/2018,341.25,355.25,992.25,434.50,4128.00
01/24/2018,342.25,356.5,992.25,433.00,4099.00
01/23/2018,344.25,351.25,986.25,421.50,4121.00
01/22/2018,344.75,352.0,984.25,425.75,4040.00
01/19/2018,345.50,352.5,977.25,422.75,3961.00
01/18/2018,344.75,351.5,973.00,425.25,3975.00
01/17/2018,343.75,353.0,968.75,421.50,4000.00
01/16/2018,346.00,348.25,968.00,416.50,4018.00
01/12/2018,352.75,346.25,944.00,420.50,4120.00
01/11/2018,353.75,348.75,940.50,433.25,4065.00
01/10/2018,357.50,349.0,947.00,434.25,4073.00
01/09/2018,358.75,349.0,955.75,432.25,4014.00
01/08/2018,358.00,347.25,958.25,427.75,4151.00
01/05/2018,358.25,351.25,961.50,430.75,4291.00
01/04/2018,357.75,351.0,959.25,434.00,4271.00
01/03/2018,355.50,353.0,959.75,436.00,4266.00
01/02/2018,350.25,353.25,955.00,433.50,4315.00
12/29/2017,347.75,350.75,951.75,427.00,4357.00
12/28/2017,347.50,352.0,945.75,427.75,4373.00
12/27/2017,350.50,353.75,955.50,428.00,4365.00
12/22/2017,352.25,352.0,949.50,424.75,4460.00
12/21/2017,353.50,351.25,948.75,427.00,4464.00
12/20/2017,351.50,349.25,954.00,423.50,4437.00
12/19/2017,356.00,347.5,956.00,419.50,4489.00
12/18/2017,358.50,347.0,961.50,420.50,4431.00
12/15/2017,359.75,347.5,967.25,418.25,4440.00
12/14/2017,358.00,336.25,967.75,395.00,4468.00
12/13/2017,358.75,336.75,979.25,392.25,4455.00
12/12/2017,360.75,335.75,975.75,387.25,4495.00
12/11/2017,362.50,336.5,982.50,387.75,4522.00
12/08/2017,364.75,340.0,989.75,392.00,4496.00
12/07/2017,365.50,338.75,992.00,394.25,4433.00
12/06/2017,366.50,339.25,1002.75,398.50,4554.00
12/05/2017,369.00,339.75,1008.50,406.00,4549.00
12/04/2017,369.00,339.5,998.50,410.25,4560.00
12/01/2017,366.75,344.75,994.25,414.50,4527.00
11/30/2017,367.75,341.75,985.75,409.25,4569.00
11/29/2017,369.00,339.0,992.50,416.50,4543.00
11/28/2017,367.50,336.25,993.00,410.75,4580.00
11/27/2017,366.75,338.75,996.00,409.50,4617.00
11/24/2017,371.50,342.25,993.25,415.75,4497.00
11/22/2017,376.50,345.25,997.25,422.75,4416.00
11/21/2017,375.75,345.0,989.00,424.75,4442.00
11/20/2017,375.25,345.0,990.00,422.00,4407.00
11/17/2017,378.75,343.0,990.50,427.25,4364.00
11/16/2017,379.00,336.5,972.00,421.50,4301.00
11/15/2017,377.50,338.25,976.25,420.00,4296.00
11/14/2017,377.50,337.5,959.00,428.00,4321.00
11/13/2017,379.25,342.25,963.50,424.25,4299.00
11/10/2017,380.75,343.5,977.25,431.50,4313.00
11/09/2017,383.50,341.5,975.25,429.00,4334.00
11/08/2017,386.25,348.25,988.00,426.75,4350.00
11/07/2017,384.50,347.75,986.00,427.25,4374.00
11/06/2017,382.25,348.0,984.00,430.75,4365.00
11/03/2017,379.75,348.25,977.00,425.75,4404.00
11/02/2017,379.25,350.5,989.00,426.00,4393.00
11/01/2017,379.00,348.25,981.00,418.00,4328.00
10/31/2017,372.00,345.75,973.75,418.50,4438.00
10/30/2017,369.50,348.75,972.75,424.75,4426.00
10/27/2017,370.00,348.75,975.25,427.25,4469.00
10/26/2017,368.50,350.5,971.25,431.75,4540.00
10/25/2017,366.75,351.0,975.50,435.50,4375.00
10/24/2017,365.25,352.75,975.50,438.00,4370.00
10/23/2017,367.25,351.25,980.75,436.75,4358.00
10/19/2017,366.50,349.0,986.50,432.75,4539.00
10/18/2017,365.75,348.5,984.25,430.00,4546.00
10/17/2017,365.75,350.0,984.75,434.75,4613.00
10/16/2017,366.00,350.5,991.00,436.50,4615.00
10/13/2017,367.50,352.75,1000.25,439.50,4575.00
10/12/2017,368.00,349.0,992.00,430.50,4548.00
10/11/2017,365.00,346.0,965.25,433.25,4520.00
10/10/2017,364.00,349.25,966.00,435.25,4526.00
10/09/2017,366.25,349.5,966.75,436.00,4475.00
10/06/2017,369.25,350.0,972.25,443.50,4485.00
10/05/2017,370.00,349.5,968.25,440.75,4511.00
10/04/2017,368.00,348.25,958.25,442.00,4532.00
10/03/2017,367.00,349.5,955.25,448.00,4616.00
09/29/2017,368.75,355.25,968.25,448.25,4636.00
09/28/2017,368.50,352.5,959.50,455.00,4589.00
09/27/2017,371.50,354.0,965.50,461.50,4590.00
09/26/2017,373.25,352.25,963.50,453.75,4591.00
09/25/2017,370.50,353.75,971.25,454.00,4586.00
09/22/2017,368.75,353.5,984.25,449.50,4615.00
09/21/2017,367.00,350.25,970.75,452.50,4640.00
09/20/2017,367.25,350.0,970.00,449.75,4548.00
09/19/2017,366.00,348.25,965.50,443.00,4531.00
09/18/2017,367.75,351.5,967.75,443.50,4570.00
09/15/2017,367.50,354.75,968.75,449.00,4597.00
09/14/2017,368.25,341.75,967.25,428.25,4629.00
09/13/2017,366.00,338.5,953.00,420.75,4667.00
09/12/2017,363.50,340.0,944.25,419.50,4702.00
09/11/2017,361.00,345.5,954.75,412.25,4637.00
09/08/2017,363.50,344.25,956.50,413.75,4618.00
09/07/2017,365.00,341.75,963.25,413.50,4621.00
09/06/2017,369.75,347.0,964.50,421.75,4624.00
09/05/2017,370.00,344.25,960.50,430.50,4582.00
09/01/2017,370.00,340.0,942.00,420.50,4598.00
08/31/2017,369.50,342.25,936.25,410.25,4616.00
08/30/2017,367.00,329.5,923.00,403.50,4679.00
08/29/2017,366.75,333.5,930.75,402.75,4660.00
08/28/2017,369.25,336.0,935.25,400.00,4678.00
08/24/2017,372.00,342.0,941.25,409.00,4686.00
08/23/2017,370.75,342.0,935.00,403.25,4670.00
08/22/2017,368.75,346.0,933.75,402.25,4709.00
08/21/2017,365.50,349.0,932.50,409.50,4743.00
08/17/2017,367.50,350.5,930.25,414.00,4533.00
08/16/2017,366.25,352.5,921.75,419.25,4540.00
08/14/2017,366.50,362.75,925.50,441.00,4567.00
08/11/2017,371.75,360.75,935.50,439.25,4523.00
08/10/2017,368.50,357.25,930.75,440.50,4501.00
08/09/2017,372.50,372.25,963.00,459.50,4616.00
08/08/2017,371.50,369.75,963.00,457.00,4496.00
08/07/2017,368.50,372.25,959.75,463.50,4472.00
08/04/2017,369.00,366.5,949.25,454.75,4450.00
08/03/2017,366.00,363.5,950.50,457.75,4375.00
08/02/2017,368.00,365.0,966.50,460.75,4414.00
08/01/2017,366.25,362.5,959.50,461.25,4454.00
07/31/2017,369.00,370.75,994.50,474.50,4475.00
07/28/2017,368.25,374.25,1000.75,481.00,4502.00
07/27/2017,363.50,374.25,994.75,479.75,4482.00
07/26/2017,365.25,372.75,988.75,477.75,4498.00
07/25/2017,359.25,368.75,981.50,474.00,4441.00
07/24/2017,361.25,377.25,997.50,488.75,4436.00
07/21/2017,365.25,379.75,1009.00,499.25,4520.00
07/20/2017,367.00,391.0,1013.25,505.75,4447.00
07/19/2017,367.50,382.5,999.75,503.00,4493.00
07/18/2017,368.25,377.0,989.50,503.75,4528.00
07/17/2017,368.00,375.0,985.00,506.00,4576.00
07/14/2017,371.00,365.25,985.25,494.75,4533.00
07/13/2017,368.50,361.0,972.50,495.50,4446.00
07/12/2017,374.75,376.25,1016.75,522.50,4433.00
07/11/2017,376.00,392.25,1025.25,535.50,4374.00
07/10/2017,377.50,391.75,1020.25,530.50,4391.00
07/07/2017,369.25,382.25,996.00,515.25,4384.00
07/06/2017,367.25,380.25,980.75,519.00,4453.00
07/05/2017,369.50,381.75,976.25,539.25,4334.00
07/03/2017,366.25,378.0,964.75,536.75,4320.00
06/30/2017,362.00,370.5,942.25,511.00,4395.00
06/29/2017,360.00,359.75,915.50,480.25,4417.00
06/28/2017,359.00,356.75,914.00,457.25,4464.00
06/27/2017,358.00,359.25,911.25,453.25,4383.00
06/23/2017,356.75,357.75,904.50,459.75,4256.00
06/22/2017,357.00,362.75,904.00,461.25,4153.00
06/21/2017,358.00,368.75,918.75,464.50,4196.00
06/20/2017,360.25,370.0,927.75,472.50,4203.00
06/19/2017,366.25,375.25,937.75,467.00,4249.00
06/16/2017,362.75,384.0,939.00,465.25,4301.00
06/15/2017,360.75,379.5,934.75,453.75,4364.00
06/14/2017,358.00,377.0,931.75,443.00,4317.00
06/13/2017,359.50,381.0,932.50,445.00,4236.00
06/12/2017,359.25,377.25,931.25,434.00,4223.00
06/09/2017,359.00,387.75,941.50,445.75,4194.00
06/08/2017,361.00,385.75,938.00,449.25,4162.00
06/07/2017,357.25,384.75,930.75,444.75,4124.00
06/06/2017,355.00,377.25,923.50,435.75,4192.00
06/05/2017,353.00,373.0,922.00,429.50,4321.00
06/02/2017,353.00,372.75,921.25,429.50,4282.00
06/01/2017,352.75,370.5,912.25,429.00,4250.00
05/31/2017,352.75,372.0,916.00,429.25,4228.00
05/30/2017,355.25,367.0,912.75,429.50,4326.00
05/26/2017,355.75,374.25,926.50,438.25,4535.00
05/25/2017,357.25,369.25,939.50,430.75,4453.00
05/24/2017,360.50,371.25,948.25,432.50,4419.00
05/23/2017,360.50,369.5,948.25,429.50,4500.00
05/22/2017,361.25,375.0,956.50,434.25,4492.00
05/19/2017,360.50,372.5,953.00,435.25,4594.00
05/18/2017,359.75,366.0,944.75,425.75,4551.00
05/17/2017,366.00,371.5,975.75,427.00,4500.00
05/16/2017,365.00,367.75,976.25,424.25,4396.00
05/15/2017,368.75,367.75,965.25,423.25,4328.00
05/12/2017,370.50,361.75,954.00,425.00,4422.00
05/11/2017,369.75,360.5,956.00,426.00,4496.00
05/10/2017,372.25,365.25,961.75,424.00,4525.00
05/09/2017,372.25,358.25,965.25,421.75,4512.00
05/08/2017,373.50,356.75,956.25,418.00,4339.00
05/05/2017,370.25,361.75,963.00,427.50,4465.00
05/04/2017,366.00,358.0,965.25,426.00,4386.00
05/03/2017,368.25,366.25,965.50,443.00,4458.00
05/02/2017,369.00,364.0,958.00,441.50,4581.00
04/28/2017,415.00,358.0,945.25,418.50,4689.00
04/27/2017,400.50,362.0,945.75,413.50,4772.00
04/26/2017,401.00,359.0,945.75,407.75,4795.00
04/25/2017,398.00,365.0,954.50,408.75,4719.00
04/24/2017,399.50,359.25,961.25,402.50,4730.00
04/21/2017,398.25,357.0,951.00,405.00,4791.00
04/20/2017,397.75,357.75,946.75,406.25,4736.00
04/19/2017,395.25,361.75,950.25,419.00,4596.00
04/18/2017,396.50,361.75,946.00,422.50,4525.00
04/13/2017,396.75,371.0,955.50,429.75,4747.00
04/12/2017,398.00,369.0,947.75,433.25,4702.00
04/11/2017,395.00,366.5,939.25,433.25,4722.00
04/10/2017,395.50,367.0,941.75,428.75,4835.00
04/07/2017,398.75,359.5,942.00,424.00,4786.00
04/06/2017,402.00,360.75,941.50,423.25,4871.00
04/05/2017,402.75,364.75,944.25,429.75,4881.00
04/04/2017,398.00,363.0,937.75,427.00,4999.00
04/03/2017,396.75,367.75,938.25,427.75,4999.00
03/31/2017,393.25,364.25,946.00,426.50,4807.00
03/30/2017,395.50,357.5,963.00,421.00,4774.00
03/29/2017,398.00,358.5,969.00,425.50,4712.00
03/28/2017,398.25,357.75,972.00,424.50,4692.00
03/27/2017,397.00,355.75,971.50,420.75,4635.00
03/24/2017,401.25,356.25,975.75,424.75,4790.00
03/23/2017,405.50,356.75,991.00,421.00,4925.00
03/22/2017,407.75,358.75,999.75,422.25,4736.00
03/21/2017,407.75,361.25,1001.50,426.50,4616.00
03/20/2017,407.75,363.5,999.50,430.25,4525.00
03/17/2017,407.50,367.5,1000.00,436.25,4391.00
03/16/2017,406.75,366.0,1001.50,436.00,4350.00
03/15/2017,409.00,363.5,998.00,436.00,4295.00
03/14/2017,406.25,353.75,987.25,412.00,4278.00
03/10/2017,412.25,358.0,996.25,422.75,4211.00
03/09/2017,415.00,359.75,1000.25,426.00,4213.00
03/08/2017,415.75,365.25,1011.00,427.50,4280.00
03/07/2017,415.75,369.5,1014.75,436.00,4221.00
03/06/2017,420.50,372.75,1026.75,438.25,4283.00
03/03/2017,418.75,374.75,1027.00,433.75,4135.00
03/02/2017,419.50,372.75,1026.75,432.00,4105.00
03/01/2017,421.25,375.75,1041.25,435.50,4061.00
02/28/2017,416.75,366.75,1025.00,424.75,3995.00
02/27/2017,409.75,360.25,1011.00,418.75,3954.00
02/24/2017,410.25,364.0,1013.50,431.25,3927.00
02/23/2017,413.00,365.5,1011.50,438.00,3927.00
02/22/2017,416.25,371.0,1022.75,441.25,3956.00
02/21/2017,418.50,369.25,1026.25,436.00,3947.00
02/17/2017,423.25,368.25,1032.50,441.00,3957.00
02/16/2017,426.00,373.5,1043.75,447.75,3899.00
02/15/2017,426.25,378.75,1061.25,454.75,3888.00
02/14/2017,423.50,374.25,1045.00,449.50,3848.00
02/13/2017,424.00,375.5,1054.25,452.25,3855.00
02/10/2017,421.75,374.5,1059.00,449.00,3881.00
02/09/2017,418.50,369.5,1050.50,443.50,3912.00
02/08/2017,419.25,370.75,1058.75,432.50,3951.00
02/07/2017,416.50,368.5,1042.75,430.75,3921.00
02/06/2017,415.00,363.75,1036.00,422.50,3910.00
02/03/2017,412.75,365.25,1027.00,430.25,3957.00
02/02/2017,412.75,367.5,1037.25,434.50,3968.00
02/01/2017,412.00,368.25,1036.75,433.75,3990.00
01/31/2017,415.00,359.75,1024.50,420.75,3985.00
01/30/2017,426.75,357.75,1022.75,414.00,3974.00
01/27/2017,428.25,362.5,1049.25,420.50,3995.00
01/25/2017,426.75,366.25,1055.25,424.50,4008.00
01/24/2017,427.25,363.25,1058.50,426.75,3979.00
01/23/2017,425.25,369.5,1057.75,433.25,4041.00
01/20/2017,425.00,369.75,1067.50,428.25,4071.00
01/19/2017,420.75,366.25,1070.25,423.50,4098.00
01/17/2017,418.75,365.5,1069.25,433.50,4190.00
01/13/2017,415.00,358.5,1042.50,426.00,4193.00
01/12/2017,414.50,358.25,1032.00,426.25,4177.00
01/11/2017,414.25,357.25,1003.00,418.75,4179.00
01/10/2017,414.50,358.25,1005.50,426.75,4058.00
01/09/2017,412.75,360.0,996.50,427.25,3993.00
01/06/2017,415.25,358.0,986.00,423.25,3974.00
01/05/2017,418.00,361.25,1003.50,426.25,3914.00
01/28/2016,360.00,365.5,867.75,472.25,3051.00
01/27/2016,362.50,369.25,883.00,476.50,3051.00
01/25/2016,360.00,369.75,880.50,481.50,3245.00
01/22/2016,359.75,370.25,876.50,475.50,3380.00
01/21/2016,356.50,367.0,878.50,475.00,3399.00
01/20/2016,354.50,368.75,874.00,471.50,3337.00
01/19/2016,358.75,367.75,883.50,474.50,3415.00
01/15/2016,357.25,363.25,879.00,473.75,3459.00
01/14/2016,361.75,358.0,896.00,468.75,3422.00
01/13/2016,364.25,358.0,899.00,478.00,3482.00
01/12/2016,365.25,356.75,890.75,481.25,3498.00
01/11/2016,364.00,351.75,881.00,469.00,3564.00
01/08/2016,366.75,357.0,879.50,478.50,3637.00
01/07/2016,368.25,353.0,877.00,468.50,3668.00
01/06/2016,371.75,353.25,875.75,462.75,3665.00
01/05/2016,373.25,353.0,867.75,461.25,3695.00
01/04/2016,370.50,351.5,864.50,458.25,3717.00
12/31/2015,374.00,358.75,871.25,470.00,3740.00
12/30/2015,374.00,359.0,875.50,469.75,3760.00
12/29/2015,373.50,362.5,870.00,475.75,3766.00
12/28/2015,372.25,361.0,865.00,466.50,3807.00
12/24/2015,374.75,364.5,875.25,467.50,3825.00
12/23/2015,374.50,365.5,881.75,469.50,3825.00
12/22/2015,374.25,366.25,885.25,471.75,3828.00
12/21/2015,375.50,372.0,891.25,479.00,3788.00
12/18/2015,373.50,374.5,892.25,486.75,3840.00
12/17/2015,367.75,374.25,877.00,484.00,3836.00
12/16/2015,367.75,369.75,862.50,483.50,3825.00
12/15/2015,371.25,377.25,867.25,494.25,3862.00
12/14/2015,375.50,381.75,874.25,487.75,3836.00
12/11/2015,372.50,373.0,870.75,482.75,3770.00
12/10/2015,373.75,377.25,878.25,484.50,3731.00
12/09/2015,377.00,371.75,876.75,478.00,3663.00
12/08/2015,379.25,370.0,876.75,470.75,3815.00
12/07/2015,383.00,368.5,882.25,470.25,3841.00
12/04/2015,381.00,376.25,906.00,471.25,3855.00
12/03/2015,384.00,370.25,897.50,464.75,3853.00
12/02/2015,384.75,364.0,892.25,452.25,3849.00
12/01/2015,383.25,367.0,889.25,456.50,3847.00
11/30/2015,384.00,365.0,881.00,460.00,3854.00
11/27/2015,380.50,359.25,873.00,465.75,3863.00
11/25/2015,382.00,366.0,875.25,479.25,3759.00
11/24/2015,377.00,364.25,863.75,484.25,3759.00
11/23/2015,374.50,367.25,864.25,495.00,3998.00
11/20/2015,377.00,363.25,857.50,488.50,4071.00
11/19/2015,376.00,364.25,860.00,490.75,4147.00
11/18/2015,376.25,361.75,857.75,483.25,4158.00
11/17/2015,377.00,362.0,864.00,487.50,4242.00
11/16/2015,371.75,360.0,859.50,494.00,4262.00
11/13/2015,372.50,358.25,859.00,495.75,4240.00
11/12/2015,374.75,362.0,869.25,498.00,4333.00
11/11/2015,375.75,362.25,868.50,494.75,4333.00
11/10/2015,374.75,359.0,864.50,490.75,4331.00
11/09/2015,375.50,366.75,873.50,501.75,4307.00
11/06/2015,381.75,373.0,871.25,523.25,4302.00
11/05/2015,380.00,374.5,867.75,526.25,4260.00
11/04/2015,382.50,380.5,882.00,526.25,4308.00
11/03/2015,381.50,380.5,878.50,516.50,4323.00
11/02/2015,379.50,376.5,877.75,508.00,4269.00
10/30/2015,375.75,382.25,883.75,522.00,4287.00
10/29/2015,375.75,380.0,878.75,515.00,4291.00
10/28/2015,370.50,376.0,881.50,506.00,4257.00
10/27/2015,370.50,380.0,891.25,509.25,4209.00
10/26/2015,374.75,384.5,885.00,509.00,4143.00
10/23/2015,380.25,379.75,895.50,490.50,4070.00
10/22/2015,380.75,378.25,898.75,490.75,4124.00
10/21/2015,381.75,380.75,905.25,494.75,4124.00
10/20/2015,379.25,376.75,896.00,491.25,4027.00
10/19/2015,378.00,373.0,891.00,485.75,4038.00
10/16/2015,377.00,376.75,898.25,492.25,3975.00
10/15/2015,376.75,375.5,905.25,502.50,3994.00
10/14/2015,379.50,379.0,910.50,508.25,4014.00
10/13/2015,380.75,384.5,914.00,519.00,4003.00
10/12/2015,379.00,380.75,887.50,506.75,3951.00
10/09/2015,376.75,382.75,885.75,509.25,4012.00
10/08/2015,376.25,391.25,881.25,511.50,4064.00
10/07/2015,376.50,395.75,891.00,516.75,4093.00
10/06/2015,375.75,398.25,888.00,526.25,4125.00
10/05/2015,373.25,393.5,884.25,515.50,4164.00
10/01/2015,368.75,388.75,877.25,518.25,4123.00
09/30/2015,367.50,387.75,892.00,512.75,4121.00
09/29/2015,367.25,389.0,884.25,503.75,4099.00
09/28/2015,367.50,386.75,876.75,505.50,4078.00
09/25/2015,369.75,389.0,889.25,507.75,4168.00
09/24/2015,364.25,381.5,868.00,497.25,4195.00
09/23/2015,365.00,383.25,863.75,507.50,4191.00
09/22/2015,363.50,380.5,861.75,495.50,4189.00
09/21/2015,364.25,384.5,874.25,496.75,4241.00
09/18/2015,359.50,377.25,867.25,486.75,4074.00
09/17/2015,363.00,379.75,884.50,481.50,4067.00
09/16/2015,366.75,386.0,887.25,488.25,4067.00
09/15/2015,367.50,390.5,889.00,494.75,4063.00
09/14/2015,366.25,379.0,882.75,485.75,4094.00
09/11/2015,363.25,374.5,887.75,475.50,4161.00
09/10/2015,365.25,361.75,884.50,468.00,4157.00
09/09/2015,363.75,356.5,882.75,462.00,4126.00
09/08/2015,364.00,355.0,890.75,465.25,4137.00
09/04/2015,357.25,349.5,877.25,457.75,4292.00
09/03/2015,359.25,347.75,879.75,456.50,4238.00
09/02/2015,357.50,354.0,883.75,473.00,4222.00
09/01/2015,361.50,356.0,884.75,484.00,4164.00
08/31/2015,367.00,363.75,897.50,482.50,4146.00
08/28/2015,364.50,363.25,893.25,477.00,4057.00
08/27/2015,358.75,363.75,886.25,484.25,4060.00
08/26/2015,351.75,361.75,877.75,489.75,4032.00
08/25/2015,354.75,365.5,894.25,495.00,4033.00
08/24/2015,348.75,368.75,892.75,503.25,4057.00
08/21/2015,357.50,365.25,905.25,499.50,4072.00
08/20/2015,364.25,371.0,921.50,506.25,4058.00
08/19/2015,362.75,367.25,903.50,496.25,4111.00
08/18/2015,368.75,366.25,913.25,494.25,4099.00
08/17/2015,370.75,363.25,927.00,500.50,4093.00
08/14/2015,371.25,364.0,978.50,506.50,4050.00
08/13/2015,375.25,363.75,993.00,503.25,4045.00
08/12/2015,373.75,357.25,951.00,492.25,3988.00
08/11/2015,382.50,376.5,1014.00,507.25,3936.00
08/10/2015,386.75,390.25,1044.75,525.50,3924.00
08/07/2015,384.00,372.75,1009.00,510.50,3968.00
08/06/2015,382.75,369.75,985.50,507.00,3988.00
08/05/2015,381.00,372.75,991.75,502.00,3977.00
08/04/2015,378.75,368.75,976.00,493.50,3990.00
08/03/2015,376.50,366.5,977.50,499.00,3997.00
07/31/2015,373.00,371.0,980.75,499.25,3987.00
07/30/2015,373.00,373.25,990.25,496.50,3986.00
07/29/2015,368.00,367.75,983.00,496.25,3929.00
07/28/2015,369.50,375.0,974.75,510.75,3858.00
07/27/2015,373.75,373.0,961.25,502.50,3787.00
07/24/2015,384.25,392.5,991.25,511.75,3944.00
07/23/2015,387.25,403.25,1010.00,521.50,3931.00
07/22/2015,388.50,402.75,1020.75,516.75,3987.00
07/21/2015,389.50,406.5,1018.75,524.75,3987.00
07/20/2015,387.00,405.0,1007.75,532.75,3902.00
07/17/2015,388.75,420.25,1014.75,554.00,3925.00
07/16/2015,387.75,430.0,1019.00,562.25,3944.00
07/15/2015,385.00,429.5,1025.00,566.75,3917.00
07/14/2015,391.25,424.0,1039.00,583.50,3945.00
07/13/2015,391.50,433.5,1045.25,586.75,3889.00
07/10/2015,392.50,427.25,1043.50,581.50,3910.00
07/09/2015,388.75,421.25,1037.75,572.25,3943.00
07/08/2015,384.50,416.25,1006.25,572.25,3930.00
07/07/2015,381.25,415.75,1002.00,579.50,3931.00
07/06/2015,387.50,418.5,1033.75,588.50,3928.00
07/03/2015,394.25,428.5,1037.00,588.25,3984.00
07/02/2015,397.00,419.75,1045.25,585.75,3998.00
07/01/2015,398.50,413.75,1044.00,587.50,4014.00
06/30/2015,397.25,414.0,1056.25,614.75,3992.00
06/29/2015,392.00,383.25,1002.50,580.50,4058.00
06/26/2015,391.25,385.0,1002.00,562.25,4025.00
06/25/2015,387.50,376.5,1000.25,532.00,4021.00
06/24/2015,383.50,366.5,981.75,518.00,3986.00
06/23/2015,381.50,367.5,987.50,521.50,3986.00
06/22/2015,381.25,360.0,989.50,501.25,3993.00
06/19/2015,379.25,353.25,971.50,488.50,3873.00
06/18/2015,373.50,358.0,977.75,488.00,3892.00
06/17/2015,375.00,359.25,969.00,491.25,3962.00
06/16/2015,371.00,354.0,957.50,488.75,3946.00
06/15/2015,371.00,348.25,937.75,489.25,3943.00
06/12/2015,372.50,353.0,940.00,503.75,4036.00
06/11/2015,370.25,356.5,940.00,504.25,4000.00
06/10/2015,371.00,357.25,949.50,513.50,3933.00
06/09/2015,372.75,365.0,951.50,532.25,3918.00
06/08/2015,374.50,365.25,944.25,528.00,3859.00
06/05/2015,376.50,360.5,937.75,517.00,3955.00
06/04/2015,372.00,363.5,946.50,523.75,4016.00
06/03/2015,374.75,359.0,935.25,510.75,4025.00
06/02/2015,375.75,359.0,940.75,512.50,4089.00
06/01/2015,376.50,352.25,926.00,493.75,4045.00
05/29/2015,365.75,351.5,934.00,477.00,3997.00
05/28/2015,362.50,353.5,926.00,488.75,4010.00
05/27/2015,362.00,349.5,927.00,487.75,4018.00
05/26/2015,363.00,355.0,922.50,493.50,3991.00
05/22/2015,359.00,360.0,924.25,515.25,3994.00
05/21/2015,359.50,365.0,938.50,522.00,3909.00
05/20/2015,359.75,360.0,941.25,513.00,3819.00
05/19/2015,357.75,362.0,946.25,510.25,3802.00
05/18/2015,355.75,368.0,954.50,521.75,3840.00
